labelx,text,label,stem
umum,Apa sebenarnya wisata halal itu?,8,wisata halal
belanja,Apa pusat perbelanjaan yang terkenal di Bukittinggi?,2,pusat belanja kenal bukittinggi
rekomendasi,Tempat wisata halal favorit di Sumatera Barat apa saja?,6,wisata halal favorit sumatera barat
budaya,Apa saja kegiatan budaya yang bisa diikuti oleh anak-anak di Sumatera Barat?,3,giat budaya ikut anak anak sumatera barat
umum,Apa yang dimaksud dengan layanan halal dalam pariwisata?,8,layan halal pariwisata
aktivitas,Aktivitas halal favorit di Sumatera Barat apa saja?,1,aktivitas halal favorit sumatera barat
rekomendasi,Dimana saya bisa menemukan atraksi wisata halal di Sumatera Barat?,6,mana temu atraksi wisata halal sumatera barat
transportasi,Apa rekomendasi transportasi untuk perjalanan di Sumatera Barat?,7,rekomendasi transportasi jalan sumatera barat
umum,Apa yang dimaksud dengan industri wisata halal?,8,industri wisata halal
umum,Apa yang dimaksud dengan liburan halal?,8,libur halal
transportasi,Apa transportasi paling populer di Sumatera Barat?,7,transportasi populer sumatera barat
budaya,Apakah ada festival budaya yang menjadi pusat perhatian di Sumatera Barat?,3,festival budaya pusat perhati sumatera barat
belanja,"Apa saja pusat perbelanjaan di Padang, Sumatera Barat?",2,pusat belanja padang sumatera barat
transportasi,Apa pilihan angkutan yang terbaik di Sumatera Barat?,7,pilih angkut baik sumatera barat
aktivitas,Bisakah Anda menyarankan aktivitas halal di Sumatera Barat?,1,saran aktivitas halal sumatera barat
budaya,Apa saja tempat untuk melihat pertunjukan teater di Sumatera Barat?,3,tunjuk teater sumatera barat
transportasi,Bagaimana cara menuju Sumatera Barat dengan bus?,7,sumatera barat bus
akomodasi,Bagaimana cara menemukan homestay yang memperhatikan kebutuhan agama Islam di Sumatera Barat?,0,temu homestay perhati butuh agama islam sumatera barat
akomodasi,Apakah ada informasi tentang guesthouse yang cocok dengan praktik Islam di Sumatera Barat?,0,informasi guesthouse cocok praktik islam sumatera barat
umum,Apa yang Anda ketahui tentang wisata halal?,8,tahu wisata halal
rekomendasi,Bisakah Anda menyarankan tempat wisata halal di Sumatera Barat?,6,saran wisata halal sumatera barat
aktivitas,Rekomendasi aktivitas halal untuk keluarga di Sumatera Barat?,1,rekomendasi aktivitas halal keluarga sumatera barat
paket,Apa saja paket wisata seni dan budaya di Sumatera Barat?,5,paket wisata seni budaya sumatera barat
kuliner,Bisakah Anda memberikan rekomendasi kuliner halal di Sumatera Barat?,4,rekomendasi kuliner halal sumatera barat
budaya,Bagaimana tradisi pembuatan kerajinan tangan tradisional di Sumatera Barat dipelihara?,3,tradisi buat rajin tangan tradisional sumatera barat pelihara
kuliner,Kuliner halal apa yang disarankan di Sumatera Barat?,4,kuliner halal saran sumatera barat
umum,Apa yang dimaksud dengan wisata halal dalam konteks pariwisata?,8,wisata halal konteks pariwisata
belanja,Apa saja pusat perbelanjaan di Pariaman?,2,pusat belanja pariaman
paket,Apa saja paket wisata petualangan di Sumatera Barat?,5,paket wisata tualang sumatera barat
budaya,Bagaimana kesenian rakyat membantu memperkuat jalinan sosial di Sumatera Barat?,3,seni rakyat bantu kuat jalin sosial sumatera barat
rekomendasi,Wisata halal di Sumatera Barat yang direkomendasikan apa saja?,6,wisata halal sumatera barat rekomendasi
aktivitas,Aktivitas halal apa yang populer di Sumatera Barat?,1,aktivitas halal populer sumatera barat
rekomendasi,Atraksi wisata halal yang menarik di Sumatera Barat apa saja?,6,atraksi wisata halal tarik sumatera barat
budaya,Apakah ada bahasa daerah yang digunakan dalam kehidupan sehari-hari di Sumatera Barat?,3,bahasa daerah hidup hari sumatera barat
paket,Paket wisata halal di Sumatera Barat yang terkenal apa saja?,5,paket wisata halal sumatera barat kenal
paket,Rekomendasi paket wisata religi di Sumatera Barat?,5,rekomendasi paket wisata religi sumatera barat
umum,Bagaimana Anda mendefinisikan wisata halal?,8,definisi wisata halal
budaya,Dimana saya bisa menemukan toko kerajinan di Sumatera Barat?,3,mana temu toko rajin sumatera barat
akomodasi,Bisa beri tahu saya rekomendasi untuk homestay yang ramah terhadap kebutuhan Muslim di Sumatera Barat?,0,rekomendasi homestay ramah butuh muslim sumatera barat
rekomendasi,Mana saja tempat wisata halal di Sumatera Barat?,6,wisata halal sumatera barat
umum,Apa yang dimaksud dengan destinasi wisata halal?,8,destinasi wisata halal
rekomendasi,Tempat wisata halal apa yang menarik di Sumatera Barat?,6,wisata halal tarik sumatera barat
kuliner,Apa saja makanan khas Sumatera Barat yang halal?,4,makan khas sumatera barat halal
aktivitas,Kegiatan halal apa yang disarankan di Sumatera Barat?,1,giat halal saran sumatera barat
paket,Apa saja paket wisata yang tersedia di Sumatera Barat?,5,paket wisata sedia sumatera barat
paket,Paket wisata halal di Sumatera Barat yang direkomendasikan?,5,paket wisata halal sumatera barat rekomendasi
rekomendasi,Wisata halal di Sumatera Barat yang menarik apa saja?,6,wisata halal sumatera barat tarik
budaya,Apakah ada perbedaan budaya antara daerah perkotaan dan pedesaan di Sumatera Barat?,3,beda budaya daerah kota desa sumatera barat
akomodasi,Apa saja penginapan yang dekat dengan pantai di Sumatera Barat?,0,inap pantai sumatera barat
belanja,Dimana saya bisa menemukan pusat oleh-oleh di Solok?,2,mana temu pusat solok
akomodasi,Apakah ada saran untuk guesthouse yang menyediakan fasilitas sesuai dengan kebutuhan Muslim di Sumatera Barat?,0,saran guesthouse sedia fasilitas sesuai butuh muslim sumatera barat
kuliner,Tempat makan enak di Sumatera Barat apa saja?,4,makan enak sumatera barat
budaya,Apakah ada budaya rakyat yang menjadi favorit di Sumatera Barat?,3,budaya rakyat favorit sumatera barat
rekomendasi,Apa saja destinasi wisata halal di Sumatera Barat?,6,destinasi wisata halal sumatera barat
rekomendasi,Ada rekomendasi tempat wisata halal yang bagus di Sumatera Barat?,6,rekomendasi wisata halal bagus sumatera barat
rekomendasi,Apa saja destinasi wisata halal unggulan di Sumatera Barat?,6,destinasi wisata halal unggul sumatera barat
transportasi,Apa mode transportasi yang paling nyaman di Sumatera Barat?,7,mode transportasi nyaman sumatera barat
kuliner,Rekomendasi tempat makan dengan menu sehat di Sumatera Barat?,4,rekomendasi makan menu sehat sumatera barat
kuliner,Makanan halal apa yang terkenal di Sumatera Barat?,4,makan halal kenal sumatera barat
budaya,Apakah ada praktek pengobatan tradisional yang masih dipraktikkan di Sumatera Barat?,3,praktek obat tradisional praktik sumatera barat
umum,Apa itu wisata ramah muslim?,8,wisata ramah muslim
kuliner,Dimana tempat makan steak yang enak di Sumatera Barat?,4,mana makan steak enak sumatera barat
aktivitas,Aktivitas halal apa yang menarik di Sumatera Barat?,1,aktivitas halal tarik sumatera barat
akomodasi,Tolong beri tahu saya cara menemukan penginapan yang mendukung tradisi Muslim di Sumatera Barat.,0,tolong temu inap dukung tradisi muslim sumatera barat
rekomendasi,Destinasi wisata halal apa yang populer di Sumatera Barat?,6,destinasi wisata halal populer sumatera barat
transportasi,Bagaimana cara menuju Sumatera Barat dari Bali?,7,sumatera barat bal
paket,Dimana saya bisa menemukan paket wisata ke tempat bersejarah di Sumatera Barat?,5,mana temu paket wisata sejarah sumatera barat
budaya,Bagaimana perayaan ulang tahun diadakan dalam budaya Sumatera Barat?,3,raya ulang ada budaya sumatera barat
kuliner,Restoran halal mana yang harus dikunjungi di Sumatera Barat?,4,restoran halal kunjung sumatera barat
akomodasi,Dimana saya bisa menemukan guesthouse yang menghargai nilai-nilai agama Muslim di Sumatera Barat?,0,mana temu guesthouse harga nilai nilai agama muslim sumatera barat
paket,Ada paket wisata halal yang menarik di Sumatera Barat?,5,paket wisata halal tarik sumatera barat
budaya,Rekomendasi tempat untuk melihat pameran seni di Sumatera Barat?,3,rekomendasi pamer seni sumatera barat
belanja,Dimana saya bisa membeli pakaian adat Sumatera Barat?,2,mana beli pakai adat sumatera barat
kuliner,Ada rekomendasi kuliner halal di Sumatera Barat?,4,rekomendasi kuliner halal sumatera barat
transportasi,Apa kendaraan terbaik untuk tur di Sumatera Barat?,7,kendara baik tur sumatera barat
belanja,Apa pasar tradisional yang terkenal di Solok?,2,pasar tradisional kenal solok
kuliner,Rekomendasi kafe dengan pemandangan bagus di Sumatera Barat?,4,rekomendasi kafe pandang bagus sumatera barat
akomodasi,Rekomendasi penginapan dengan taman yang indah di Sumatera Barat?,0,rekomendasi inap taman indah sumatera barat
umum,Apa maksud dari wisata halal?,8,maksud wisata halal
paket,Apa saja paket wisata edukasi di Sumatera Barat?,5,paket wisata edukasi sumatera barat
budaya,Apakah ada upacara kematian yang unik di Sumatera Barat?,3,upacara mati unik sumatera barat
transportasi,Bagaimana cara terbaik menuju tempat wisata di Sumatera Barat?,7,baik wisata sumatera barat
budaya,Bagaimana cara perayaan hari besar nasional dirayakan di Sumatera Barat?,3,raya nasional raya sumatera barat
umum,Bisakah Anda memberikan penjelasan tentang wisata halal?,8,jelas wisata halal
belanja,Dimana saya bisa membeli tas dan sepatu buatan lokal di Sumatera Barat?,2,mana beli tas sepatu buat lokal sumatera barat
aktivitas,Apa aktivitas halal terbaik di Sumatera Barat?,1,aktivitas halal baik sumatera barat
kuliner,Rekomendasi tempat makan dengan harga terjangkau di Sumatera Barat?,4,rekomendasi makan harga jangkau sumatera barat
akomodasi,Apa saja penginapan yang cocok untuk keluarga di Sumatera Barat?,0,inap cocok keluarga sumatera barat
rekomendasi,Apa tempat wisata halal terpopuler di Sumatera Barat?,6,wisata halal populer sumatera barat
budaya,Rekomendasi tempat untuk belajar menari tarian tradisional di Sumatera Barat?,3,rekomendasi ajar tari tari tradisional sumatera barat
kuliner,Tempat makan halal apa yang enak untuk dikunjungi di Sumatera Barat?,4,makan halal enak kunjung sumatera barat
budaya,Apakah ada perayaan khusus yang dilakukan saat terjadi peristiwa penting di Sumatera Barat?,3,raya khusus peristiwa sumatera barat
belanja,Dimana saya bisa membeli oleh-oleh halal di Sumatera Barat?,2,mana beli halal sumatera barat
belanja,Apa pusat perbelanjaan yang paling populer di Sumatera Barat?,2,pusat belanja populer sumatera barat
aktivitas,Kegiatan halal mana yang harus dicoba di Sumatera Barat?,1,giat halal coba sumatera barat
kuliner,Dimana tempat makan dengan menu internasional di Sumatera Barat?,4,mana makan menu internasional sumatera barat
umum,Apa yang dimaksud dengan layanan wisata halal?,8,layan wisata halal
transportasi,Rekomendasi tempat penyewaan bus wisata di Sumatera Barat?,7,rekomendasi sewa bus wisata sumatera barat
paket,Paket wisata halal favorit di Sumatera Barat apa saja?,5,paket wisata halal favorit sumatera barat
aktivitas,Bisakah Anda merekomendasikan kegiatan halal di Sumatera Barat?,1,rekomendasi giat halal sumatera barat
budaya,Apa saja pusat budaya yang bisa dikunjungi di Sumatera Barat?,3,pusat budaya kunjung sumatera barat
akomodasi,Apakah ada saran untuk homestay yang menghormati kepercayaan Muslim di Sumatera Barat?,0,saran homestay hormat percaya muslim sumatera barat
budaya,Bagaimana generasi muda di Sumatera Barat memelihara warisan budaya mereka?,3,generasi muda sumatera barat pelihara waris budaya
kuliner,Apa kuliner halal terbaik di Sumatera Barat?,4,kuliner halal baik sumatera barat
belanja,Apa saja pusat perbelanjaan di Sumatera Barat?,2,pusat belanja sumatera barat
rekomendasi,Apa tempat wisata halal terbaik di Sumatera Barat?,6,wisata halal baik sumatera barat
paket,Rekomendasi paket wisata weekend di Sumatera Barat?,5,rekomendasi paket wisata weekend sumatera barat
rekomendasi,Apa tempat wisata terbaik untuk wisatawan muslim di Sumatera Barat?,6,wisata baik wisatawan muslim sumatera barat
aktivitas,Apa saja aktivitas halal favorit di Sumatera Barat?,1,aktivitas halal favorit sumatera barat
transportasi,Bagaimana cara menuju Sumatera Barat dengan travel?,7,sumatera barat travel
belanja,Dimana saya bisa membeli makanan ringan khas Pariaman?,2,mana beli makan ringan khas pariaman
aktivitas,Apa saja aktivitas halal yang wajib dicoba di Sumatera Barat?,1,aktivitas halal wajib coba sumatera barat
aktivitas,Apa saja pilihan kegiatan halal di Sumatera Barat?,1,pilih giat halal sumatera barat
akomodasi,Rekomendasi penginapan dengan harga promo di Sumatera Barat?,0,rekomendasi inap harga promo sumatera barat
belanja,Dimana saya bisa membeli kerajinan perak di Sumatera Barat?,2,mana beli rajin perak sumatera barat
akomodasi,Hotel dengan akses mudah ke objek wisata di Sumatera Barat?,0,hotel akses mudah objek wisata sumatera barat
belanja,Apa saja pasar tradisional yang ada di Sumatera Barat?,2,pasar tradisional sumatera barat
belanja,Apa saja pusat perbelanjaan di Sumatera Barat?,2,pusat belanja sumatera barat
umum,Apa yang disebut dengan liburan halal?,8,libur halal
belanja,Apa pusat perbelanjaan terbesar di Padang?,2,pusat belanja besar padang
kuliner,Ada tempat makan halal yang enak di Sumatera Barat?,4,makan halal enak sumatera barat
rekomendasi,Apa atraksi wisata halal terbaik di Sumatera Barat?,6,atraksi wisata halal baik sumatera barat
rekomendasi,Apa tempat wisata halal favorit di Sumatera Barat?,6,wisata halal favorit sumatera barat
akomodasi,Apakah ada saran untuk homestay yang menyediakan fasilitas sesuai dengan kebutuhan Muslim di Sumatera Barat?,0,saran homestay sedia fasilitas sesuai butuh muslim sumatera barat
aktivitas,Rekomendasi kegiatan halal di Sumatera Barat?,1,rekomendasi giat halal sumatera barat
umum,Apa yang dimaksud dengan kategori wisata halal?,8,kategori wisata halal
rekomendasi,Tempat wisata halal apa yang harus saya kunjungi di Sumatera Barat?,6,wisata halal kunjung sumatera barat
belanja,Apa saja pasar yang menarik di Sumatera Barat?,2,pasar tarik sumatera barat
akomodasi,Tolong beri tahu saya cara menemukan homestay yang mendukung tradisi Muslim di Sumatera Barat.,0,tolong temu homestay dukung tradisi muslim sumatera barat
transportasi,Apa kendaraan umum yang paling nyaman di Sumatera Barat?,7,kendara nyaman sumatera barat
budaya,Apa saja kegiatan budaya yang bisa dilakukan di Sumatera Barat?,3,giat budaya sumatera barat
aktivitas,Aktivitas halal mana yang direkomendasikan di Sumatera Barat?,1,aktivitas halal rekomendasi sumatera barat
kuliner,Dimana saya bisa menemukan sate padang yang enak?,4,mana temu sate padang enak
umum,Apa yang dimaksud dengan tempat wisata halal?,8,wisata halal
aktivitas,Apa saja aktivitas halal yang terkenal di Sumatera Barat?,1,aktivitas halal kenal sumatera barat
rekomendasi,Destinasi wisata halal mana yang direkomendasikan di Sumatera Barat?,6,destinasi wisata halal rekomendasi sumatera barat
paket,Paket wisata halal apa yang menarik di Sumatera Barat?,5,paket wisata halal tarik sumatera barat
belanja,Apa pusat perbelanjaan yang terkenal di Padang?,2,pusat belanja kenal padang
akomodasi,Dimana saya bisa menemukan penginapan dengan akses Wi-Fi gratis di Sumatera Barat?,0,mana temu inap akses wi fi gratis sumatera barat
rekomendasi,Apa saja tempat wisata halal di Sumatera Barat yang terkenal?,6,wisata halal sumatera barat kenal
rekomendasi,Apa rekomendasi tempat wisata halal di Sumatera Barat?,6,rekomendasi wisata halal sumatera barat
umum,Apa yang dimaksud dengan destinasi wisata halal?,8,destinasi wisata halal
paket,Rekomendasi paket wisata budaya di Sumatera Barat?,5,rekomendasi paket wisata budaya sumatera barat
kuliner,Mana saja tempat makan halal di Sumatera Barat?,4,makan halal sumatera barat
aktivitas,Mana saja kegiatan halal di Sumatera Barat?,1,giat halal sumatera barat
rekomendasi,Tempat wisata halal mana yang paling direkomendasikan di Sumatera Barat?,6,wisata halal rekomendasi sumatera barat
belanja,Dimana saya bisa membeli makanan ringan khas Sumatera Barat?,2,mana beli makan ringan khas sumatera barat
transportasi,Bagaimana cara menuju Sumatera Barat dengan kapal laut?,7,sumatera barat kapal laut
budaya,Apa yang menjadi daya tarik utama festival budaya di Sumatera Barat?,3,daya tarik utama festival budaya sumatera barat
umum,Bisakah Anda menjelaskan apa yang disebut wisata halal?,8,wisata halal
umum,Apa yang disebut dengan perjalanan halal?,8,jalan halal
paket,Apa saja paket wisata fotografi di Sumatera Barat?,5,paket wisata fotografi sumatera barat
akomodasi,Bisa beri tahu saya tempat-tempat homestay yang mengikuti aturan Muslim di Sumatera Barat?,0,homestay ikut atur muslim sumatera barat
budaya,Bagaimana cara masyarakat Sumatera Barat merayakan festival musik dan seni?,3,masyarakat sumatera barat raya festival musik seni
akomodasi,Bagaimana cara mencari homestay yang mengakui kepercayaan dan budaya Muslim di Sumatera Barat?,0,cari homestay aku percaya budaya muslim sumatera barat
transportasi,Apa pilihan transportasi terbaik untuk turis di Sumatera Barat?,7,pilih transportasi baik turis sumatera barat
umum,Apa yang dimaksud dengan sektor wisata halal?,8,sektor wisata halal
akomodasi,Apakah Anda bisa memberi petunjuk tentang homestay yang menghargai tradisi Muslim di Sumatera Barat?,0,tunjuk homestay harga tradisi muslim sumatera barat
kuliner,Tempat makan halal yang enak di Sumatera Barat apa saja?,4,makan halal enak sumatera barat
umum,Apa pengertian dari pariwisata halal?,8,erti pariwisata halal
kuliner,Saran tempat makan halal di Sumatera Barat?,4,saran makan halal sumatera barat
paket,Apa saja paket wisata halal favorit di Sumatera Barat?,5,paket wisata halal favorit sumatera barat
paket,Rekomendasi paket wisata private tour di Sumatera Barat?,5,rekomendasi paket wisata private tour sumatera barat
kuliner,Apa saja makanan ringan khas Sumatera Barat?,4,makan ringan khas sumatera barat
akomodasi,Rekomendasi penginapan dengan layanan kamar 24 jam di Sumatera Barat?,0,rekomendasi inap layan kamar 24 jam sumatera barat
akomodasi,Apa saja penginapan ramah anak di Sumatera Barat?,0,inap ramah anak sumatera barat
umum,Apa yang dimaksud dengan pariwisata halal?,8,pariwisata halal
umum,Wisata halal itu apa?,8,wisata halal
aktivitas,Aktivitas halal apa yang menarik di Sumatera Barat?,1,aktivitas halal tarik sumatera barat
akomodasi,Dimana saya bisa menemukan resort mewah di Sumatera Barat?,0,mana temu resort mewah sumatera barat
kuliner,Restoran halal yang direkomendasikan di Sumatera Barat?,4,restoran halal rekomendasi sumatera barat
kuliner,Tempat makan siang yang enak di Sumatera Barat?,4,makan siang enak sumatera barat
umum,Apa itu halal tourism?,8,halal tourism
akomodasi,Dimana tempat-tempat guesthouse yang ramah Muslim bisa saya temukan di Sumatera Barat?,0,mana guesthouse ramah muslim temu sumatera barat
budaya,Apa saja tempat untuk melihat pertunjukan seni di Sumatera Barat?,3,tunjuk seni sumatera barat
belanja,Apa pusat perbelanjaan yang terkenal di Sumatera Barat?,2,pusat belanja kenal sumatera barat
budaya,Apa saja kegiatan yang bisa dilakukan di desa budaya di Sumatera Barat?,3,giat desa budaya sumatera barat
aktivitas,Apa saja aktivitas halal di Sumatera Barat?,1,aktivitas halal sumatera barat
umum,Bisakah Anda menjelaskan apa itu wisata halal?,8,wisata halal
umum,Apa yang dimaksud dengan konsep perjalanan halal?,8,konsep jalan halal
umum,Apa maksud dari wisata halal?,8,maksud wisata halal
kuliner,Makanan halal apa yang enak di Sumatera Barat?,4,makan halal enak sumatera barat
rekomendasi,Destinasi wisata halal apa yang disarankan di Sumatera Barat?,6,destinasi wisata halal saran sumatera barat
paket,Rekomendasi paket wisata hiking di Sumatera Barat?,5,rekomendasi paket wisata hiking sumatera barat
kuliner,Tempat makan halal apa yang menarik di Sumatera Barat?,4,makan halal tarik sumatera barat
budaya,Rekomendasi tempat untuk belajar tentang seni batik di Sumatera Barat?,3,rekomendasi ajar seni batik sumatera barat
transportasi,Apa transportasi yang paling hemat di Sumatera Barat?,7,transportasi hemat sumatera barat
rekomendasi,Tempat wisata halal mana yang paling bagus di Sumatera Barat?,6,wisata halal bagus sumatera barat
kuliner,Tempat makan halal yang wajib dicoba di Sumatera Barat?,4,makan halal wajib coba sumatera barat
umum,Bagaimana wisata halal diartikan?,8,wisata halal arti
umum,Apa yang dimaksud dengan pariwisata halal?,8,pariwisata halal
akomodasi,Dimana saya bisa menemukan homestay yang menghormati kepercayaan dan tradisi Muslim di Sumatera Barat?,0,mana temu homestay hormat percaya tradisi muslim sumatera barat
budaya,Rekomendasi tempat untuk melihat seni pertunjukan modern di Sumatera Barat?,3,rekomendasi seni tunjuk modern sumatera barat
belanja,Dimana saya bisa membeli oleh-oleh khas Pariaman?,2,mana beli khas pariaman
kuliner,Dimana saya bisa mencoba makanan tradisional Sumatera Barat?,4,mana coba makan tradisional sumatera barat
umum,Apa yang disebut dengan perjalanan halal?,8,jalan halal
paket,Apa saja paket wisata halal di Sumatera Barat?,5,paket wisata halal sumatera barat
kuliner,Tempat makan dengan live music di Sumatera Barat?,4,makan live music sumatera barat
belanja,Dimana saya bisa membeli kerajinan tangan di Solok?,2,mana beli rajin tangan solok
akomodasi,Bagaimana saya bisa menemukan homestay yang memahami kebutuhan Muslim di Sumatera Barat?,0,temu homestay paham butuh muslim sumatera barat
aktivitas,Kegiatan halal apa saja yang bisa dinikmati di Sumatera Barat?,1,giat halal nikmat sumatera barat
budaya,Dimana saya bisa belajar tentang musik tradisional Sumatera Barat?,3,mana ajar musik tradisional sumatera barat
paket,Apa saja paket wisata tematik di Sumatera Barat?,5,paket wisata tematik sumatera barat
rekomendasi,Tempat wisata halal yang wajib dikunjungi di Sumatera Barat apa saja?,6,wisata halal wajib kunjung sumatera barat
aktivitas,Ada rekomendasi aktivitas halal di Sumatera Barat?,1,rekomendasi aktivitas halal sumatera barat
budaya,Apakah ada ritual tertentu yang dilakukan saat musim panas tiba di Sumatera Barat?,3,ritual musim panas sumatera barat
kuliner,Tempat kuliner halal terbaik di Sumatera Barat?,4,kuliner halal baik sumatera barat
aktivitas,Apa aktivitas halal terpopuler di Sumatera Barat?,1,aktivitas halal populer sumatera barat
belanja,Apa pusat perbelanjaan terbesar di Sumatera Barat?,2,pusat belanja besar sumatera barat
aktivitas,Apa aktivitas halal terpopuler di Sumatera Barat?,1,aktivitas halal populer sumatera barat
kuliner,Dimana tempat makan dengan menu khas Sumatera Barat?,4,mana makan menu khas sumatera barat
budaya,Apa saja budaya dan adat istiadat di Sumatera Barat?,3,budaya adat istiadat sumatera barat
kuliner,Rekomendasi tempat sarapan di Sumatera Barat?,4,rekomendasi sarap sumatera barat
aktivitas,Saran kegiatan halal di Sumatera Barat?,1,saran giat halal sumatera barat
akomodasi,Apa saja penginapan yang menyediakan sarapan gratis di Sumatera Barat?,0,inap sedia sarap gratis sumatera barat
akomodasi,Tolong beri tahu saya cara menemukan homestay yang ramah Muslim di daerah Sumatera Barat.,0,tolong temu homestay ramah muslim daerah sumatera barat
akomodasi,Apa saja penginapan dengan nuansa tradisional di Sumatera Barat?,0,inap nuansa tradisional sumatera barat
rekomendasi,Dimana saya bisa menemukan objek wisata halal di Sumatera Barat?,6,mana temu objek wisata halal sumatera barat
umum,Apa pengertian dari wisata halal?,8,erti wisata halal
akomodasi,Bisa beri tahu saya informasi tentang guesthouse yang mempertimbangkan kebutuhan agama Islam di Sumatera Barat?,0,informasi guesthouse timbang butuh agama islam sumatera barat
transportasi,Apa saja layanan taksi di Sumatera Barat?,7,layan taksi sumatera barat
kuliner,Rekomendasi restoran halal di Sumatera Barat?,4,rekomendasi restoran halal sumatera barat
akomodasi,Dimana saya bisa menemukan homestay yang menghargai nilai-nilai agama Muslim di Sumatera Barat?,0,mana temu homestay harga nilai nilai agama muslim sumatera barat
transportasi,Apa saja opsi transportasi yang terbaik di Sumatera Barat?,7,opsi transportasi baik sumatera barat
transportasi,Rekomendasi layanan transportasi aman di Sumatera Barat?,7,rekomendasi layan transportasi aman sumatera barat
paket,Apa saja paket wisata halal unggulan di Sumatera Barat?,5,paket wisata halal unggul sumatera barat
budaya,Bagaimana tradisi musik tradisional diwariskan dari generasi ke generasi di Sumatera Barat?,3,tradisi musik tradisional waris generasi generasi sumatera barat
belanja,Apa saja tempat belanja murah di Sumatera Barat?,2,belanja murah sumatera barat
kuliner,Apa saja camilan khas Sumatera Barat?,4,camil khas sumatera barat
kuliner,Apa saja makanan halal khas Sumatera Barat yang direkomendasikan?,4,makan halal khas sumatera barat rekomendasi
akomodasi,Bisa beri tahu saya rekomendasi untuk homestay yang bersahabat dengan budaya Muslim di Sumatera Barat?,0,rekomendasi homestay sahabat budaya muslim sumatera barat
belanja,Dimana saya bisa membeli souvenir khas Solok?,2,mana beli souvenir khas solok
kuliner,Restoran halal apa yang terkenal di Sumatera Barat?,4,restoran halal kenal sumatera barat
umum,Bisakah Anda jelaskan apa itu wisata halal?,8,wisata halal
rekomendasi,Tempat wisata halal mana yang bagus di Sumatera Barat?,6,wisata halal bagus sumatera barat
budaya,Apakah budaya Sumatera Barat memiliki pengaruh yang signifikan terhadap budaya nasional?,3,budaya sumatera barat milik pengaruh signifikan budaya nasional
akomodasi,Rekomendasi penginapan dengan layanan concierge di Sumatera Barat?,0,rekomendasi inap layan concierge sumatera barat
rekomendasi,Adakah rekomendasi tempat wisata halal di Sumatera Barat?,6,ada rekomendasi wisata halal sumatera barat
transportasi,Apa saja layanan bus di Sumatera Barat?,7,layan bus sumatera barat
budaya,Apa yang membuat seni pertunjukan tradisional di Sumatera Barat begitu menarik?,3,seni tunjuk tradisional sumatera barat tarik
belanja,Dimana saya bisa membeli makanan ringan khas Sumatera Barat?,2,mana beli makan ringan khas sumatera barat
budaya,Rekomendasi tempat untuk melihat batik Minangkabau di Sumatera Barat?,3,rekomendasi batik minangkabau sumatera barat
kuliner,Apa saja tempat makan halal di Sumatera Barat yang direkomendasikan?,4,makan halal sumatera barat rekomendasi
akomodasi,Dimana saya bisa menemukan homestay yang sesuai dengan ajaran Islam di Sumatera Barat?,0,mana temu homestay sesuai ajar islam sumatera barat
kuliner,Rekomendasi makanan halal di Sumatera Barat?,4,rekomendasi makan halal sumatera barat
akomodasi,Dimana saya bisa menemukan homestay yang menghormati adat istiadat Muslim di Sumatera Barat?,0,mana temu homestay hormat adat istiadat muslim sumatera barat
budaya,Bagaimana hubungan antara alam dan budaya Sumatera Barat?,3,hubung alam budaya sumatera barat
akomodasi,Apakah ada informasi tentang homestay yang mengerti kebutuhan Muslim di Sumatera Barat?,0,informasi homestay erti butuh muslim sumatera barat
belanja,Apa pasar tradisional yang terkenal di Sumatera Barat?,2,pasar tradisional kenal sumatera barat
kuliner,Dimana tempat makan seafood yang enak di Sumatera Barat?,4,mana makan seafood enak sumatera barat
budaya,Dimana saya bisa belajar tentang seni kerajinan logam di Sumatera Barat?,3,mana ajar seni rajin logam sumatera barat
paket,Apa saja paket wisata alam di Sumatera Barat?,5,paket wisata alam sumatera barat
paket,Dimana saya bisa menemukan paket wisata murah di Sumatera Barat?,5,mana temu paket wisata murah sumatera barat
rekomendasi,Tempat wisata halal yang bagus di Sumatera Barat apa saja?,6,wisata halal bagus sumatera barat
belanja,Dimana saya bisa membeli souvenir khas Sumatera Barat?,2,mana beli souvenir khas sumatera barat
umum,Bagaimana wisata halal diartikan?,8,wisata halal arti
transportasi,Apa pilihan transportasi paling praktis untuk turis di Sumatera Barat?,7,pilih transportasi praktis turis sumatera barat
rekomendasi,Dimana saya bisa menemukan tempat wisata halal di Sumatera Barat?,6,mana temu wisata halal sumatera barat
budaya,Apa saja tempat untuk melihat pameran seni rupa di Sumatera Barat?,3,pamer seni rupa sumatera barat
belanja,Dimana saya bisa membeli kain songket di Sumatera Barat?,2,mana beli kain songket sumatera barat
kuliner,Dimana tempat makan dengan pemandangan alam di Sumatera Barat?,4,mana makan pandang alam sumatera barat
akomodasi,Dimana saya bisa menemukan penginapan yang dekat dengan tempat wisata di Sumatera Barat?,0,mana temu inap wisata sumatera barat
transportasi,Apa transportasi yang paling nyaman untuk perjalanan di Sumatera Barat?,7,transportasi nyaman jalan sumatera barat
akomodasi,Dimana saya bisa menemukan apartemen sewa di Sumatera Barat?,0,mana temu apartemen sewa sumatera barat
budaya,Bagaimana tradisi budaya di Sumatera Barat dirayakan?,3,tradisi budaya sumatera barat raya
budaya,Bagaimana tradisi leluhur diwariskan dari satu generasi ke generasi berikutnya di Sumatera Barat?,3,tradisi leluhur waris generasi generasi sumatera barat
paket,Dimana saya bisa menemukan agen perjalanan di Sumatera Barat?,5,mana temu agen jalan sumatera barat
paket,Apa paket wisata halal terbaik di Sumatera Barat?,5,paket wisata halal baik sumatera barat
aktivitas,Aktivitas halal apa yang menarik di Sumatera Barat?,1,aktivitas halal tarik sumatera barat
rekomendasi,Tempat wisata halal apa yang paling populer di Sumatera Barat?,6,wisata halal populer sumatera barat
paket,Rekomendasi paket wisata bersama teman di Sumatera Barat?,5,rekomendasi paket wisata teman sumatera barat
aktivitas,Rekomendasi aktivitas halal di Sumatera Barat?,1,rekomendasi aktivitas halal sumatera barat
rekomendasi,Apa saja atraksi wisata halal yang ada di Sumatera Barat?,6,atraksi wisata halal sumatera barat
transportasi,Rekomendasi jasa rental mobil harian di Sumatera Barat?,7,rekomendasi jasa rental mobil hari sumatera barat
belanja,Apa pasar tradisional yang terkenal di Padang?,2,pasar tradisional kenal padang
akomodasi,Apa saja penginapan dengan harga terjangkau di Sumatera Barat?,0,inap harga jangkau sumatera barat
belanja,Dimana saya bisa membeli kain tenun khas Sumatera Barat?,2,mana beli kain tenun khas sumatera barat
belanja,Dimana saya bisa membeli kerajinan tangan lokal di Sumatera Barat?,2,mana beli rajin tangan lokal sumatera barat
umum,Apa yang dimaksud dengan turisme halal?,8,turisme halal
belanja,Apa saja pusat perbelanjaan di Bukittinggi?,2,pusat belanja bukittinggi
transportasi,Rekomendasi layanan shuttle di Sumatera Barat?,7,rekomendasi layan shuttle sumatera barat
belanja,Apa pusat perbelanjaan terbesar di Padang?,2,pusat belanja besar padang
belanja,Dimana tempat terbaik untuk membeli oleh-oleh khas Sumatera Barat?,2,mana baik beli khas sumatera barat
umum,Apa yang diartikan dengan wisata halal?,8,arti wisata halal
transportasi,Apa pilihan transportasi yang paling efisien di Sumatera Barat?,7,pilih transportasi efisien sumatera barat
budaya,Apa saja tempat untuk melihat pertunjukan seni klasik di Sumatera Barat?,3,tunjuk seni klasik sumatera barat
akomodasi,Dimana saya bisa menemukan camping ground di Sumatera Barat?,0,mana temu camping ground sumatera barat
transportasi,Apa pilihan angkutan umum terbaik di Sumatera Barat?,7,pilih angkut baik sumatera barat
transportasi,Apa saja jalur angkot di Sumatera Barat?,7,jalur angkot sumatera barat
umum,Apa yang dimaksud dengan kategori wisata halal?,8,kategori wisata halal
akomodasi,Apa saja penginapan dengan fasilitas konferensi di Sumatera Barat?,0,inap fasilitas konferensi sumatera barat
transportasi,Rekomendasi layanan transportasi ramah lingkungan di Sumatera Barat?,7,rekomendasi layan transportasi ramah lingkung sumatera barat
kuliner,Bisakah Anda menyarankan tempat makan halal di Sumatera Barat?,4,saran makan halal sumatera barat
aktivitas,Aktivitas halal yang direkomendasikan di Sumatera Barat?,1,aktivitas halal rekomendasi sumatera barat
paket,Apa saja paket wisata halal di Sumatera Barat yang terkenal?,5,paket wisata halal sumatera barat kenal
budaya,Apakah ada nilai-nilai moral yang diajarkan melalui cerita rakyat di Sumatera Barat?,3,nilai nilai moral ajar cerita rakyat sumatera barat
transportasi,Apa pilihan transportasi paling praktis di Sumatera Barat?,7,pilih transportasi praktis sumatera barat
transportasi,Apa saja pilihan transportasi malam di Sumatera Barat?,7,pilih transportasi malam sumatera barat
umum,Apa yang disebut dengan wisata halal?,8,wisata halal
budaya,Dimana saya bisa menemukan sanggar seni di Sumatera Barat?,3,mana temu sanggar seni sumatera barat
kuliner,Rekomendasi tempat makan lesehan di Sumatera Barat?,4,rekomendasi makan leseh sumatera barat
umum,Bagaimana Anda mendefinisikan wisata halal?,8,definisi wisata halal
paket,Apa paket wisata halal terpopuler di Sumatera Barat?,5,paket wisata halal populer sumatera barat
kuliner,Restoran halal favorit di Sumatera Barat apa saja?,4,restoran halal favorit sumatera barat
belanja,Dimana saya bisa menemukan toko oleh-oleh di Padang?,2,mana temu toko padang
transportasi,Apa opsi kendaraan terbaik untuk bepergian di Sumatera Barat?,7,opsi kendara baik pergi sumatera barat
rekomendasi,Wisata halal apa yang menarik di Sumatera Barat?,6,wisata halal tarik sumatera barat
rekomendasi,Apa saja spot wisata halal di Sumatera Barat?,6,spot wisata halal sumatera barat
budaya,Apa saja tempat untuk melihat pertunjukan drama di Sumatera Barat?,3,tunjuk drama sumatera barat
belanja,Apakah ada mall besar di Sumatera Barat?,2,mall sumatera barat
transportasi,Apa cara terbaik untuk berpergian di Sumatera Barat?,7,baik pergi sumatera barat
aktivitas,Apa aktivitas halal terpopuler di Sumatera Barat?,1,aktivitas halal populer sumatera barat
kuliner,Apa makanan halal terbaik di Sumatera Barat?,4,makan halal baik sumatera barat
transportasi,Apa saja layanan transportasi anak-anak di Sumatera Barat?,7,layan transportasi anak anak sumatera barat
umum,Bisakah Anda menguraikan apa itu wisata halal?,8,urai wisata halal
budaya,Rekomendasi tempat untuk menikmati tarian tradisional di Sumatera Barat?,3,rekomendasi nikmat tari tradisional sumatera barat
transportasi,Apa transportasi umum yang paling efektif di Sumatera Barat?,7,transportasi efektif sumatera barat
akomodasi,Apakah ada saran untuk homestay yang mengikuti ajaran Islam di Sumatera Barat?,0,saran homestay ikut ajar islam sumatera barat
umum,Apa yang disebut dengan wisata halal?,8,wisata halal
paket,Ada saran paket wisata halal di Sumatera Barat?,5,saran paket wisata halal sumatera barat
kuliner,Apa makanan khas Sumatera Barat yang terkenal?,4,makan khas sumatera barat kenal
budaya,Berapa banyak budaya dan adat istiadat yang terdapat di Sumatera Barat?,3,budaya adat istiadat sumatera barat
umum,Wisata halal itu apa sih?,8,wisata halal sih
paket,Dimana saya bisa memesan paket wisata ke pulau-pulau di Sumatera Barat?,5,mana mes paket wisata pulau pulau sumatera barat
akomodasi,Bagaimana cara menemukan homestay yang sensitif terhadap kebutuhan Muslim di Sumatera Barat?,0,temu homestay sensitif butuh muslim sumatera barat
akomodasi,Dimana saya bisa menemukan homestay yang menghargai prinsip-prinsip Islam di Sumatera Barat?,0,mana temu homestay harga prinsip prinsip islam sumatera barat
umum,Apa definisi dari wisata halal?,8,definisi wisata halal
akomodasi,Bagaimana saya bisa menemukan homestay yang memahami kepercayaan agama Muslim di Sumatera Barat?,0,temu homestay paham percaya agama muslim sumatera barat
belanja,Apa saja pusat perbelanjaan di Solok?,2,pusat belanja solok
aktivitas,Apa saja aktivitas halal di Sumatera Barat?,1,aktivitas halal sumatera barat
rekomendasi,Bisa rekomendasikan beberapa tempat wisata halal di Sumatera Barat?,6,rekomendasi wisata halal sumatera barat
paket,Dimana saya bisa menemukan paket wisata dengan transportasi di Sumatera Barat?,5,mana temu paket wisata transportasi sumatera barat
paket,Rekomendasi paket wisata halal di Sumatera Barat untuk keluarga?,5,rekomendasi paket wisata halal sumatera barat keluarga
aktivitas,Ada saran aktivitas halal di Sumatera Barat?,1,saran aktivitas halal sumatera barat
kuliner,Apa saja kuliner jalanan yang terkenal di Sumatera Barat?,4,kuliner jalan kenal sumatera barat
umum,Wisata halal itu seperti apa?,8,wisata halal
belanja,Dimana saya bisa membeli souvenir khas Padang?,2,mana beli souvenir khas padang
kuliner,Apa kuliner halal terpopuler di Sumatera Barat?,4,kuliner halal populer sumatera barat
umum,Bisakah Anda menjelaskan apa yang disebut wisata halal?,8,wisata halal
umum,Apa yang dimaksud dengan perjalanan halal?,8,jalan halal
rekomendasi,Tolong rekomendasikan tempat wisata halal di Sumatera Barat.,6,tolong rekomendasi wisata halal sumatera barat
rekomendasi,Dimana saya bisa menemukan destinasi wisata halal di Sumatera Barat?,6,mana temu destinasi wisata halal sumatera barat
kuliner,Apa saja jajanan pasar khas Sumatera Barat?,4,jajan pasar khas sumatera barat
belanja,Apa saja pasar tradisional di Bukittinggi?,2,pasar tradisional bukittinggi
umum,Apa yang dimaksud dengan tur halal?,8,tur halal
transportasi,Apa saja pilihan transportasi air di Sumatera Barat?,7,pilih transportasi air sumatera barat
kuliner,Rekomendasi tempat makan dengan menu vegetarian di Sumatera Barat?,4,rekomendasi makan menu vegetarian sumatera barat
aktivitas,Saran aktivitas halal di Sumatera Barat?,1,saran aktivitas halal sumatera barat
rekomendasi,Tempat wisata halal yang direkomendasikan di Sumatera Barat?,6,wisata halal rekomendasi sumatera barat
budaya,Apa saja makanan tradisional yang bisa dicoba di Sumatera Barat?,3,makan tradisional coba sumatera barat
paket,Bisakah Anda memberikan rekomendasi paket wisata halal di Sumatera Barat?,5,rekomendasi paket wisata halal sumatera barat
paket,Paket wisata halal apa yang disarankan di Sumatera Barat?,5,paket wisata halal saran sumatera barat
budaya,Bagaimana cerita rakyat membantu memperkuat identitas budaya Sumatera Barat?,3,cerita rakyat bantu kuat identitas budaya sumatera barat
budaya,Apakah ada nilai-nilai tertentu yang dijunjung tinggi dalam budaya Sumatera Barat?,3,nilai nilai junjung budaya sumatera barat
paket,Rekomendasi paket wisata halal di Sumatera Barat?,5,rekomendasi paket wisata halal sumatera barat
transportasi,Apa saja layanan transportasi wisata di Sumatera Barat?,7,layan transportasi wisata sumatera barat
paket,Apa paket wisata terbaik untuk wisatawan muslim di Sumatera Barat?,5,paket wisata baik wisatawan muslim sumatera barat
akomodasi,Bagaimana saya bisa menemukan tempat tinggal sementara yang memahami kebutuhan Muslim di Sumatera Barat?,0,temu tinggal paham butuh muslim sumatera barat
akomodasi,Tolong beri tahu saya cara menemukan homestay yang sesuai dengan keyakinan Muslim di Sumatera Barat.,0,tolong temu homestay sesuai yakin muslim sumatera barat
transportasi,Rekomendasi jasa penyewaan sepeda di Sumatera Barat?,7,rekomendasi jasa sewa sepeda sumatera barat
rekomendasi,Destinasi halal apa yang harus dikunjungi di Sumatera Barat?,6,destinasi halal kunjung sumatera barat
aktivitas,Apa saja kegiatan halal di Sumatera Barat yang terkenal?,1,giat halal sumatera barat kenal
aktivitas,Kegiatan halal apa yang cocok untuk anak-anak di Sumatera Barat?,1,giat halal cocok anak anak sumatera barat
umum,Wisata halal itu apa sih?,8,wisata halal sih
transportasi,Bagaimana cara termudah untuk berkeliling Sumatera Barat?,7,mudah keliling sumatera barat
budaya,Bagaimana masyarakat Sumatera Barat merayakan pernikahan tradisional?,3,masyarakat sumatera barat raya nikah tradisional
akomodasi,Dimana saya bisa menemukan penginapan dengan pemandangan danau di Sumatera Barat?,0,mana temu inap pandang danau sumatera barat
transportasi,Apa moda transportasi yang paling nyaman di Sumatera Barat?,7,moda transportasi nyaman sumatera barat
transportasi,Apa kendaraan terbaik untuk bepergian di Sumatera Barat?,7,kendara baik pergi sumatera barat
akomodasi,Bagaimana cara mencari guesthouse yang ramah terhadap umat Muslim di Sumatera Barat?,0,cari guesthouse ramah umat muslim sumatera barat
umum,Apa yang dimaksud dengan halal vacation?,8,halal vacation
aktivitas,Apa saja kegiatan halal untuk wisatawan di Sumatera Barat?,1,giat halal wisatawan sumatera barat
umum,Apa yang dimaksud dengan layanan halal dalam pariwisata?,8,layan halal pariwisata
kuliner,Rekomendasi restoran halal di Sumatera Barat?,4,rekomendasi restoran halal sumatera barat
belanja,Dimana saya bisa membeli souvenir khas Pariaman?,2,mana beli souvenir khas pariaman
belanja,Dimana saya bisa membeli oleh-oleh halal di Padang?,2,mana beli halal padang
belanja,Apa pasar tradisional yang terkenal di Bukittinggi?,2,pasar tradisional kenal bukittinggi
budaya,Apakah ada lagu-lagu daerah yang sering dinyanyikan dalam kegiatan kebudayaan di Sumatera Barat?,3,lagu lagu daerah nyanyi giat budaya sumatera barat
budaya,Apa saja festival budaya yang ada di Sumatera Barat?,3,festival budaya sumatera barat
umum,Apa itu wisata ramah muslim?,8,wisata ramah muslim
umum,Apa yang dimaksud dengan perjalanan halal?,8,jalan halal
belanja,Dimana saya bisa membeli souvenir khas Sumatera Barat?,2,mana beli souvenir khas sumatera barat
umum,Apa yang dimaksud dengan halal trip?,8,halal trip
umum,Apa yang dimaksud dengan halal vacation?,8,halal vacation
kuliner,Apa saja makanan halal di Sumatera Barat?,4,makan halal sumatera barat
transportasi,Apa saja pilihan transportasi ke tempat wisata di Sumatera Barat?,7,pilih transportasi wisata sumatera barat
aktivitas,Mana saja tempat untuk aktivitas halal di Sumatera Barat?,1,aktivitas halal sumatera barat
budaya,Apa yang menjadi ciri khas pakaian adat di Sumatera Barat?,3,ciri khas pakai adat sumatera barat
aktivitas,Apa aktivitas halal favorit di Sumatera Barat?,1,aktivitas halal favorit sumatera barat
belanja,Dimana saya bisa menemukan toko oleh-oleh di Solok?,2,mana temu toko solok
transportasi,Rekomendasi tempat penyewaan perahu di Sumatera Barat?,7,rekomendasi sewa perahu sumatera barat
budaya,Rekomendasi tempat untuk melihat pameran fotografi di Sumatera Barat?,3,rekomendasi pamer fotografi sumatera barat
aktivitas,Bisakah Anda memberikan contoh kegiatan halal di Sumatera Barat?,1,contoh giat halal sumatera barat
budaya,Dimana saya bisa belajar tentang seni kerajinan tangan di Sumatera Barat?,3,mana ajar seni rajin tangan sumatera barat
transportasi,Bagaimana cara menuju Sumatera Barat dengan kendaraan pribadi?,7,sumatera barat kendara pribadi
paket,Dimana saya bisa memesan paket wisata festival di Sumatera Barat?,5,mana mes paket wisata festival sumatera barat
aktivitas,Aktivitas halal di Sumatera Barat yang terkenal apa saja?,1,aktivitas halal sumatera barat kenal
aktivitas,Rekomendasi aktivitas halal di Sumatera Barat untuk keluarga?,1,rekomendasi aktivitas halal sumatera barat keluarga
kuliner,Apa saja makanan khas Sumatera Barat yang terkenal di luar negeri?,4,makan khas sumatera barat kenal negeri
rekomendasi,Ada saran tempat wisata halal di Sumatera Barat?,6,saran wisata halal sumatera barat
akomodasi,Bagaimana cara menemukan tempat tinggal sementara yang memperhatikan kebutuhan agama Islam di Sumatera Barat?,0,temu tinggal perhati butuh agama islam sumatera barat
kuliner,Apa saja tempat makan halal di Sumatera Barat yang terkenal?,4,makan halal sumatera barat kenal
aktivitas,Kegiatan halal yang wajib dicoba di Sumatera Barat?,1,giat halal wajib coba sumatera barat
umum,Apa yang dimaksud dengan tempat wisata halal?,8,wisata halal
umum,Apa arti dari wisata halal?,8,arti wisata halal
paket,Dimana saya bisa menemukan paket wisata lengkap di Sumatera Barat?,5,mana temu paket wisata lengkap sumatera barat
rekomendasi,Apa saja tempat wisata halal yang ada di Sumatera Barat?,6,wisata halal sumatera barat
akomodasi,Dimana saya bisa menemukan guest house di Sumatera Barat?,0,mana temu guest house sumatera barat
akomodasi,Rekomendasi hotel butik di Sumatera Barat?,0,rekomendasi hotel butik sumatera barat
aktivitas,Aktivitas halal yang direkomendasikan di Sumatera Barat?,1,aktivitas halal rekomendasi sumatera barat
kuliner,Apa saja makanan khas Sumatera Barat yang manis?,4,makan khas sumatera barat manis
rekomendasi,Apa destinasi wisata halal favorit di Sumatera Barat?,6,destinasi wisata halal favorit sumatera barat
budaya,Apakah ada upacara penyambutan yang khusus di Sumatera Barat?,3,upacara sambut khusus sumatera barat
akomodasi,Rekomendasi homestay di Sumatera Barat?,0,rekomendasi homestay sumatera barat
akomodasi,Dimana tempat-tempat homestay yang ramah Muslim bisa saya temukan di Sumatera Barat?,0,mana homestay ramah muslim temu sumatera barat
kuliner,Apa saja pilihan makanan halal di Sumatera Barat?,4,pilih makan halal sumatera barat
budaya,Bagaimana tradisi menjamu tamu dihormati dalam budaya Sumatera Barat?,3,tradisi jamu tamu hormat budaya sumatera barat
umum,Apa yang dimaksud dengan konsep wisata halal?,8,konsep wisata halal
rekomendasi,Apa saja spot wisata halal favorit di Sumatera Barat?,6,spot wisata halal favorit sumatera barat
umum,Apa yang dimaksud dengan industri wisata halal?,8,industri wisata halal
kuliner,Rekomendasi warung makan murah di Sumatera Barat?,4,rekomendasi warung makan murah sumatera barat
rekomendasi,Saran tempat wisata halal di Sumatera Barat?,6,saran wisata halal sumatera barat
paket,Rekomendasi paket wisata halal di Sumatera Barat?,5,rekomendasi paket wisata halal sumatera barat
aktivitas,Apa aktivitas halal favorit di Sumatera Barat?,1,aktivitas halal favorit sumatera barat
belanja,Apa pasar tradisional yang terkenal di Bukittinggi?,2,pasar tradisional kenal bukittinggi
budaya,Bagaimana peran adat istiadat dalam menjaga keharmonisan masyarakat Sumatera Barat?,3,peran adat istiadat jaga harmonis masyarakat sumatera barat
kuliner,Apa saja makanan halal di Sumatera Barat yang terkenal?,4,makan halal sumatera barat kenal
aktivitas,Apa saja aktivitas halal favorit di Sumatera Barat?,1,aktivitas halal favorit sumatera barat
budaya,Apakah ada makanan khas yang melekat pada budaya Sumatera Barat?,3,makan khas lekat budaya sumatera barat
rekomendasi,Ada saran tempat wisata halal di Sumatera Barat?,6,saran wisata halal sumatera barat
rekomendasi,Apa saja tempat wisata halal di Sumatera Barat yang harus dikunjungi?,6,wisata halal sumatera barat kunjung
umum,Apa yang dimaksud dengan halal trip?,8,halal trip
budaya,Bagaimana peran tokoh adat dalam menjaga tradisi dan budaya Sumatera Barat?,3,peran tokoh adat jaga tradisi budaya sumatera barat
akomodasi,Apakah ada saran untuk guesthouse yang mengikuti ajaran Islam di Sumatera Barat?,0,saran guesthouse ikut ajar islam sumatera barat
paket,Apa saja paket wisata olahraga di Sumatera Barat?,5,paket wisata olahraga sumatera barat
rekomendasi,Wisata halal yang direkomendasikan di Sumatera Barat apa saja?,6,wisata halal rekomendasi sumatera barat
transportasi,Rekomendasi tempat penyewaan mobil lepas kunci di Sumatera Barat?,7,rekomendasi sewa mobil lepas kunci sumatera barat
aktivitas,Rekomendasi kegiatan halal yang bisa dinikmati di Sumatera Barat?,1,rekomendasi giat halal nikmat sumatera barat
akomodasi,Apakah Anda tahu tempat-tempat homestay yang cocok dengan prinsip-prinsip keagamaan di Sumatera Barat?,0,homestay cocok prinsip prinsip agama sumatera barat
aktivitas,Apa saja kegiatan halal di Sumatera Barat yang terkenal?,1,giat halal sumatera barat kenal
transportasi,Bagaimana cara menuju Sumatera Barat dari Jakarta?,7,sumatera barat jakarta
umum,Bisakah Anda menjelaskan apa itu wisata halal?,8,wisata halal
belanja,Apa saja pasar tradisional di Padang?,2,pasar tradisional padang
budaya,Apa saja upacara adat yang bisa disaksikan di Sumatera Barat?,3,upacara adat saksi sumatera barat
rekomendasi,Dimana saya bisa menemukan wisata halal di Sumatera Barat?,6,mana temu wisata halal sumatera barat
umum,Wisata halal itu seperti apa?,8,wisata halal
budaya,Apa saja karya seni khas Sumatera Barat yang bisa dibeli sebagai suvenir?,3,karya seni khas sumatera barat beli suvenir
transportasi,Apa saja pilihan transportasi darat di Sumatera Barat?,7,pilih transportasi darat sumatera barat
rekomendasi,Tempat wisata halal terbaik di Sumatera Barat apa saja?,6,wisata halal baik sumatera barat
paket,Apa saja paket wisata ramah anak di Sumatera Barat?,5,paket wisata ramah anak sumatera barat
budaya,Rekomendasi tempat untuk membeli oleh-oleh khas Sumatera Barat?,3,rekomendasi beli khas sumatera barat
rekomendasi,Rekomendasi destinasi wisata halal di Sumatera Barat?,6,rekomendasi destinasi wisata halal sumatera barat
umum,Bagaimana Anda menjelaskan wisata halal?,8,wisata halal
aktivitas,Aktivitas halal yang bisa dinikmati bersama keluarga di Sumatera Barat?,1,aktivitas halal nikmat keluarga sumatera barat
transportasi,Apa transportasi paling nyaman untuk tur di Sumatera Barat?,7,transportasi nyaman tur sumatera barat
transportasi,Apa cara tercepat untuk berkeliling Sumatera Barat?,7,cepat keliling sumatera barat
aktivitas,Apa saja kegiatan halal di Sumatera Barat yang harus dicoba?,1,giat halal sumatera barat coba
rekomendasi,Tempat wisata halal yang menarik di Sumatera Barat ada di mana saja?,6,wisata halal tarik sumatera barat
rekomendasi,Apa destinasi halal terbaik di Sumatera Barat?,6,destinasi halal baik sumatera barat
umum,Apa yang dimaksud dengan wisata halal?,8,wisata halal
belanja,Dimana saya bisa membeli oleh-oleh halal di Sumatera Barat?,2,mana beli halal sumatera barat
paket,Bisakah Anda merekomendasikan paket wisata halal di Sumatera Barat?,5,rekomendasi paket wisata halal sumatera barat
belanja,Apa pasar tradisional terbesar di Pariaman?,2,pasar tradisional besar pariaman
kuliner,Apa saja makanan khas Sumatera Barat yang cocok untuk diet?,4,makan khas sumatera barat cocok diet
budaya,Apakah ada filosofi tertentu yang menjadi dasar budaya Sumatera Barat?,3,filosofi dasar budaya sumatera barat
transportasi,Apa pilihan transportasi yang paling ekonomis di Sumatera Barat?,7,pilih transportasi ekonomis sumatera barat
rekomendasi,Tempat wisata halal terbaik di Sumatera Barat yang direkomendasikan apa saja?,6,wisata halal baik sumatera barat rekomendasi
paket,Rekomendasi paket wisata dengan harga terjangkau di Sumatera Barat?,5,rekomendasi paket wisata harga jangkau sumatera barat
transportasi,Apa cara terbaik untuk mencapai tempat-tempat wisata di Sumatera Barat?,7,baik capai wisata sumatera barat
rekomendasi,Destinasi wisata halal mana yang harus dikunjungi di Sumatera Barat?,6,destinasi wisata halal kunjung sumatera barat
belanja,Apa pusat perbelanjaan yang modern di Sumatera Barat?,2,pusat belanja modern sumatera barat
paket,Rekomendasi paket honeymoon di Sumatera Barat?,5,rekomendasi paket honeymoon sumatera barat
umum,Apa pengertian dari wisata halal?,8,erti wisata halal
aktivitas,Aktivitas halal apa yang bisa dilakukan di Sumatera Barat?,1,aktivitas halal sumatera barat
rekomendasi,Adakah tempat wisata halal yang terkenal di Sumatera Barat?,6,ada wisata halal kenal sumatera barat
kuliner,Apa makanan halal terpopuler di Sumatera Barat?,4,makan halal populer sumatera barat
paket,Saran paket wisata halal di Sumatera Barat?,5,saran paket wisata halal sumatera barat
transportasi,Apa moda transportasi paling efisien di Sumatera Barat?,7,moda transportasi efisien sumatera barat
aktivitas,Apa saja aktivitas halal unggulan di Sumatera Barat?,1,aktivitas halal unggul sumatera barat
budaya,Rekomendasi tempat untuk melihat pertunjukan seni kontemporer di Sumatera Barat?,3,rekomendasi tunjuk seni kontemporer sumatera barat
belanja,Dimana saya bisa membeli makanan khas Sumatera Barat?,2,mana beli makan khas sumatera barat
aktivitas,Aktivitas halal favorit di Sumatera Barat apa saja?,1,aktivitas halal favorit sumatera barat
kuliner,Rekomendasi tempat makan malam romantis di Sumatera Barat?,4,rekomendasi makan malam romantis sumatera barat
rekomendasi,Bisa beri saya daftar tempat wisata halal di Sumatera Barat?,6,daftar wisata halal sumatera barat
paket,Paket wisata halal mana yang harus dicoba di Sumatera Barat?,5,paket wisata halal coba sumatera barat
kuliner,Ada rekomendasi restoran halal di Sumatera Barat?,4,rekomendasi restoran halal sumatera barat
akomodasi,Bisa beri tahu saya cara mencari homestay yang menghormati kepercayaan Muslim di Sumatera Barat?,0,cari homestay hormat percaya muslim sumatera barat
kuliner,Apa restoran halal favorit di Sumatera Barat?,4,restoran halal favorit sumatera barat
kuliner,Dimana saya bisa mencoba rendang asli di Sumatera Barat?,4,mana coba rendang asli sumatera barat
umum,Apa yang disebut dengan liburan halal?,8,libur halal
kuliner,Apa saja makanan halal favorit di Sumatera Barat?,4,makan halal favorit sumatera barat
kuliner,Dimana tempat makan keluarga di Sumatera Barat?,4,mana makan keluarga sumatera barat
akomodasi,Apa saja penginapan yang cocok untuk acara bisnis di Sumatera Barat?,0,inap cocok acara bisnis sumatera barat
budaya,Apa saja tempat untuk belajar tentang seni patung di Sumatera Barat?,3,ajar seni patung sumatera barat
rekomendasi,Tolong beri tahu saya tempat wisata halal di Sumatera Barat.,6,tolong wisata halal sumatera barat
transportasi,Bagaimana cara menuju Sumatera Barat dari Bandung?,7,sumatera barat bandung
belanja,Apa saja pasar tradisional di Sumatera Barat?,2,pasar tradisional sumatera barat
aktivitas,Apa saja aktivitas halal yang bisa dilakukan di Sumatera Barat?,1,aktivitas halal sumatera barat
transportasi,Bagaimana cara terbaik untuk bepergian di Sumatera Barat?,7,baik pergi sumatera barat
belanja,Apa saja pusat perbelanjaan di Sumatera Barat?,2,pusat belanja sumatera barat
umum,Apa yang dimaksud dengan konsep wisata halal?,8,konsep wisata halal
paket,Apa saja paket wisata air di Sumatera Barat?,5,paket wisata air sumatera barat
rekomendasi,Dimana saja tempat wisata halal favorit di Sumatera Barat?,6,mana wisata halal favorit sumatera barat
budaya,Apa saja tempat untuk melihat seni lukis khas Sumatera Barat?,3,seni lukis khas sumatera barat
transportasi,Apa pilihan transportasi terbaik di sumatera barat?,7,pilih transportasi baik sumatera barat
akomodasi,Bisa beri tahu saya cara mencari tempat penginapan yang menghormati kepercayaan Muslim di Sumatera Barat?,0,cari inap hormat percaya muslim sumatera barat
akomodasi,Rekomendasi penginapan dengan kolam renang indoor di Sumatera Barat?,0,rekomendasi inap kolam renang indoor sumatera barat
paket,Bisakah Anda menyarankan paket wisata halal di Sumatera Barat?,5,saran paket wisata halal sumatera barat
belanja,Dimana saya bisa membeli souvenir di Sumatera Barat?,2,mana beli souvenir sumatera barat
aktivitas,Apa saja aktivitas halal yang bisa dinikmati di alam terbuka di Sumatera Barat?,1,aktivitas halal nikmat alam buka sumatera barat
transportasi,Rekomendasi tempat penyewaan mobil dengan supir di Sumatera Barat?,7,rekomendasi sewa mobil supir sumatera barat
transportasi,Apa saja pilihan transportasi murah di Sumatera Barat?,7,pilih transportasi murah sumatera barat
kuliner,Tempat makan halal mana yang harus dicoba di Sumatera Barat?,4,makan halal coba sumatera barat
kuliner,Rekomendasi restoran halal untuk keluarga di Sumatera Barat?,4,rekomendasi restoran halal keluarga sumatera barat
belanja,Apa pusat perbelanjaan yang terkenal di Sumatera Barat?,2,pusat belanja kenal sumatera barat
transportasi,Bagaimana cara termudah untuk berwisata di Sumatera Barat?,7,mudah wisata sumatera barat
transportasi,Apa pilihan transportasi paling nyaman di Sumatera Barat?,7,pilih transportasi nyaman sumatera barat
aktivitas,Apa aktivitas halal terbaik di Sumatera Barat?,1,aktivitas halal baik sumatera barat
umum,Apa yang dimaksud dengan wisata halal?,8,wisata halal
kuliner,Makanan tradisional Sumatera Barat apa saja?,4,makan tradisional sumatera barat
belanja,Dimana saya bisa membeli perhiasan khas Sumatera Barat?,2,mana beli hias khas sumatera barat
transportasi,Bagaimana cara paling mudah untuk berkeliling Sumatera Barat?,7,mudah keliling sumatera barat
akomodasi,Apa saja hotel dengan layanan terbaik di Sumatera Barat?,0,hotel layan baik sumatera barat
kuliner,Apa saja makanan khas Sumatera Barat yang terkenal di mancanegara?,4,makan khas sumatera barat kenal mancanegara
belanja,Apa pusat perbelanjaan yang terkenal di Solok?,2,pusat belanja kenal solok
kuliner,Apa saja makanan halal khas Sumatera Barat?,4,makan halal khas sumatera barat
umum,Apa yang diartikan dengan wisata halal?,8,arti wisata halal
belanja,Apa saja toko oleh-oleh di Padang?,2,toko padang
aktivitas,Kegiatan halal yang menarik di Sumatera Barat apa saja?,1,giat halal tarik sumatera barat
aktivitas,Kegiatan halal mana yang harus dicoba di Sumatera Barat?,1,giat halal coba sumatera barat
akomodasi,Bagaimana cara mencari homestay yang cocok dengan praktik Muslim di Sumatera Barat?,0,cari homestay cocok praktik muslim sumatera barat
belanja,Apa pasar tradisional terbesar di Sumatera Barat?,2,pasar tradisional besar sumatera barat
umum,Bagaimana Anda menjelaskan wisata halal?,8,wisata halal
transportasi,Rekomendasi aplikasi pemesanan tiket di Sumatera Barat?,7,rekomendasi aplikasi mesan tiket sumatera barat
rekomendasi,Apa saja tempat wisata halal favorit di Sumatera Barat?,6,wisata halal favorit sumatera barat
aktivitas,Aktivitas halal apa yang menarik untuk dicoba di Sumatera Barat?,1,aktivitas halal tarik coba sumatera barat
paket,Paket wisata halal apa yang populer di Sumatera Barat?,5,paket wisata halal populer sumatera barat
paket,Apa saja paket wisata mewah di Sumatera Barat?,5,paket wisata mewah sumatera barat
aktivitas,Apa saja aktivitas halal di Sumatera Barat?,1,aktivitas halal sumatera barat
transportasi,Rekomendasi aplikasi transportasi online di Sumatera Barat?,7,rekomendasi aplikasi transportasi online sumatera barat
rekomendasi,Bisa beri tahu saya tempat wisata halal di Sumatera Barat?,6,wisata halal sumatera barat
budaya,Bagaimana cara masyarakat Sumatera Barat merayakan musim liburan?,3,masyarakat sumatera barat raya musim libur
umum,Apa yang Anda ketahui tentang wisata halal?,8,tahu wisata halal
transportasi,Apa jenis angkutan yang paling direkomendasikan di Sumatera Barat?,7,jenis angkut rekomendasi sumatera barat
kuliner,Apa kuliner halal favorit di Sumatera Barat?,4,kuliner halal favorit sumatera barat
rekomendasi,Bisa sarankan destinasi wisata halal di Sumatera Barat?,6,saran destinasi wisata halal sumatera barat
budaya,Apa saja kegiatan budaya yang menarik di Sumatera Barat?,3,giat budaya tarik sumatera barat
belanja,Apa saja pusat perbelanjaan di Sumatera Barat?,2,pusat belanja sumatera barat
transportasi,Rekomendasi tempat penyewaan mobil keluarga di Sumatera Barat?,7,rekomendasi sewa mobil keluarga sumatera barat
transportasi,Apa mode transportasi yang paling disarankan di Sumatera Barat?,7,mode transportasi saran sumatera barat
budaya,Dimana saya bisa menemukan pusat kerajinan tangan di Sumatera Barat?,3,mana temu pusat rajin tangan sumatera barat
transportasi,Bagaimana cara menuju Sumatera Barat dari luar negeri?,7,sumatera barat negeri
kuliner,Bisakah Anda merekomendasikan tempat makan halal di Sumatera Barat?,4,rekomendasi makan halal sumatera barat
paket,Rekomendasi paket wisata menginap di Sumatera Barat?,5,rekomendasi paket wisata inap sumatera barat
paket,Paket wisata halal mana yang direkomendasikan di Sumatera Barat?,5,paket wisata halal rekomendasi sumatera barat
aktivitas,Apa saja kegiatan halal di Sumatera Barat yang direkomendasikan?,1,giat halal sumatera barat rekomendasi
paket,Apa saja paket wisata halal di Sumatera Barat?,5,paket wisata halal sumatera barat
belanja,Dimana saya bisa menemukan pasar grosir di Sumatera Barat?,2,mana temu pasar grosir sumatera barat
budaya,Apakah ada cerita rakyat yang populer di kalangan masyarakat Sumatera Barat?,3,cerita rakyat populer kalang masyarakat sumatera barat
belanja,Dimana saya bisa membeli makanan ringan khas Solok?,2,mana beli makan ringan khas solok
umum,Apa yang dimaksud dengan pariwisata syariah?,8,pariwisata syariah
belanja,Dimana saya bisa membeli pakaian adat Minangkabau?,2,mana beli pakai adat minangkabau
transportasi,Rekomendasi jasa travel di Sumatera Barat?,7,rekomendasi jasa travel sumatera barat
paket,Apa saja paket wisata seni di Sumatera Barat?,5,paket wisata seni sumatera barat
transportasi,Bagaimana cara menuju Sumatera Barat dengan pesawat?,7,sumatera barat pesawat
umum,Bisakah Anda memberikan penjelasan tentang wisata halal?,8,jelas wisata halal
budaya,Apa yang menjadi ciri khas tarian tradisional di Sumatera Barat?,3,ciri khas tari tradisional sumatera barat
umum,Apa yang dimaksud dengan kegiatan wisata halal?,8,giat wisata halal
belanja,Dimana saya bisa membeli kerajinan tangan di Bukittinggi?,2,mana beli rajin tangan bukittinggi
aktivitas,Rekomendasi aktivitas halal di Sumatera Barat?,1,rekomendasi aktivitas halal sumatera barat
budaya,Apakah ada ritual khusus yang berkaitan dengan musim panen di Sumatera Barat?,3,ritual khusus kait musim panen sumatera barat
paket,Saran paket wisata halal di Sumatera Barat?,5,saran paket wisata halal sumatera barat
akomodasi,Dimana saya bisa menemukan penginapan dengan fasilitas olahraga di Sumatera Barat?,0,mana temu inap fasilitas olahraga sumatera barat
rekomendasi,Apa saja pilihan tempat wisata halal di Sumatera Barat?,6,pilih wisata halal sumatera barat
budaya,Dimana saya bisa belajar tentang seni musik tradisional di Sumatera Barat?,3,mana ajar seni musik tradisional sumatera barat
rekomendasi,Wisata halal di Sumatera Barat yang direkomendasikan?,6,wisata halal sumatera barat rekomendasi
umum,Apa yang dimaksud dengan layanan wisata halal?,8,layan wisata halal
aktivitas,Kegiatan halal apa yang bisa dilakukan di Sumatera Barat?,1,giat halal sumatera barat
akomodasi,Bagaimana cara mencari homestay yang ramah terhadap umat Muslim di Sumatera Barat?,0,cari homestay ramah umat muslim sumatera barat
belanja,Dimana saya bisa membeli kerajinan khas Padang?,2,mana beli rajin khas padang
kuliner,Apa saja minuman khas Sumatera Barat?,4,minum khas sumatera barat
rekomendasi,Apa saja destinasi halal di Sumatera Barat?,6,destinasi halal sumatera barat
umum,Apa yang termasuk dalam definisi wisata halal?,8,definisi wisata halal
belanja,Dimana saya bisa menemukan toko oleh-oleh di Pariaman?,2,mana temu toko pariaman
kuliner,Apa saja hidangan penutup khas Sumatera Barat?,4,hidang tutup khas sumatera barat
akomodasi,Rekomendasi tempat menginap di pusat kota Sumatera Barat?,0,rekomendasi inap pusat kota sumatera barat
belanja,Dimana saya bisa membeli souvenir khas Bukittinggi?,2,mana beli souvenir khas bukittinggi
aktivitas,Ada rekomendasi aktivitas halal di Sumatera Barat?,1,rekomendasi aktivitas halal sumatera barat
paket,Dimana saya bisa memesan paket tour di Sumatera Barat?,5,mana mes paket tour sumatera barat
transportasi,Apa saja pilihan transportasi cepat di Sumatera Barat?,7,pilih transportasi cepat sumatera barat
aktivitas,Kegiatan halal yang wajib dicoba di Sumatera Barat?,1,giat halal wajib coba sumatera barat
belanja,Apa saja toko oleh-oleh di Bukittinggi?,2,toko bukittinggi
budaya,Apa saja aspek budaya yang unik di Sumatera Barat?,3,aspek budaya unik sumatera barat
belanja,Dimana saya bisa membeli oleh-oleh halal di Solok?,2,mana beli halal solok
belanja,Dimana saya bisa membeli makanan ringan khas Bukittinggi?,2,mana beli makan ringan khas bukittinggi
budaya,Rekomendasi tempat untuk melihat pertunjukan musik tradisional di Sumatera Barat?,3,rekomendasi tunjuk musik tradisional sumatera barat
belanja,Apa saja pasar tradisional di Sumatera Barat?,2,pasar tradisional sumatera barat
transportasi,Bagaimana cara menuju Sumatera Barat dengan kereta api?,7,sumatera barat kereta api
paket,Apa saja paket wisata halal di Sumatera Barat yang terkenal?,5,paket wisata halal sumatera barat kenal
transportasi,Apa saja moda transportasi umum di Sumatera Barat?,7,moda transportasi sumatera barat
paket,Paket wisata halal yang wajib dicoba di Sumatera Barat?,5,paket wisata halal wajib coba sumatera barat
paket,Paket wisata halal apa yang menarik di Sumatera Barat?,5,paket wisata halal tarik sumatera barat
paket,Dimana saya bisa menemukan paket wisata budaya di Sumatera Barat?,5,mana temu paket wisata budaya sumatera barat
transportasi,Apa jenis transportasi yang paling praktis di Sumatera Barat?,7,jenis transportasi praktis sumatera barat
rekomendasi,Ada tempat wisata halal yang menarik di Sumatera Barat?,6,wisata halal tarik sumatera barat
paket,Apa paket wisata halal favorit di Sumatera Barat?,5,paket wisata halal favorit sumatera barat
transportasi,Apa transportasi paling efisien di Sumatera Barat?,7,transportasi efisien sumatera barat
akomodasi,Dimana saya bisa menemukan homestay yang mengakomodasi kebutuhan Muslim di wilayah Sumatera Barat?,0,mana temu homestay akomodasi butuh muslim wilayah sumatera barat
akomodasi,Apakah Anda tahu tempat-tempat homestay yang cocok dengan prinsip-prinsip Islam di Sumatera Barat?,0,homestay cocok prinsip prinsip islam sumatera barat
budaya,Apa saja tempat untuk belajar tentang seni tari di Sumatera Barat?,3,ajar seni tari sumatera barat
transportasi,Bagaimana cara paling efektif untuk bepergian di Sumatera Barat?,7,efektif pergi sumatera barat
umum,Apa arti dari wisata halal?,8,arti wisata halal
transportasi,Rekomendasi jasa penyewaan mobil di Sumatera Barat?,7,rekomendasi jasa sewa mobil sumatera barat
akomodasi,Bagaimana cara menemukan homestay yang ramah Muslim di wilayah Sumatera Barat?,0,temu homestay ramah muslim wilayah sumatera barat
belanja,Apa saja pusat perbelanjaan di Padang?,2,pusat belanja padang
rekomendasi,Ada rekomendasi wisata halal di Sumatera Barat?,6,rekomendasi wisata halal sumatera barat
aktivitas,Apa aktivitas halal terbaik di Sumatera Barat?,1,aktivitas halal baik sumatera barat
belanja,Apa saja pusat perbelanjaan di Sumatera Barat?,2,pusat belanja sumatera barat
umum,Bisakah Anda menjelaskan konsep wisata halal?,8,konsep wisata halal
aktivitas,Mana saja kegiatan halal di Sumatera Barat?,1,giat halal sumatera barat
umum,Apa yang dimaksud dengan liburan halal?,8,libur halal
akomodasi,Dimana saya bisa menemukan guesthouse yang menghargai prinsip-prinsip Islam di Sumatera Barat?,0,mana temu guesthouse harga prinsip prinsip islam sumatera barat
rekomendasi,Adakah tempat wisata halal yang wajib dikunjungi di Sumatera Barat?,6,ada wisata halal wajib kunjung sumatera barat
kuliner,Ada saran kuliner halal di Sumatera Barat?,4,saran kuliner halal sumatera barat
paket,Rekomendasi paket wisata sehari di Sumatera Barat?,5,rekomendasi paket wisata hari sumatera barat
budaya,Rekomendasi tempat untuk melihat pertunjukan wayang di Sumatera Barat?,3,rekomendasi tunjuk wayang sumatera barat
paket,Paket wisata halal yang direkomendasikan di Sumatera Barat?,5,paket wisata halal rekomendasi sumatera barat
paket,Dimana saya bisa memesan paket wisata pulang-pergi di Sumatera Barat?,5,mana mes paket wisata pulang pergi sumatera barat
paket,Apakah ada paket wisata halal di Sumatera Barat?,5,paket wisata halal sumatera barat
rekomendasi,Apa tempat wisata halal terbaik di Sumatera Barat?,6,wisata halal baik sumatera barat
paket,Apa paket wisata halal favorit di Sumatera Barat?,5,paket wisata halal favorit sumatera barat
rekomendasi,Ada saran atraksi wisata halal di Sumatera Barat?,6,saran atraksi wisata halal sumatera barat
akomodasi,Dimana saya bisa menemukan homestay yang mengikuti prinsip-prinsip Islam di Sumatera Barat?,0,mana temu homestay ikut prinsip prinsip islam sumatera barat
transportasi,Bagaimana cara terbaik untuk berkeliling di Sumatera Barat?,7,baik keliling sumatera barat
aktivitas,Apa aktivitas halal favorit di Sumatera Barat?,1,aktivitas halal favorit sumatera barat
aktivitas,Aktivitas halal apa yang seru di Sumatera Barat?,1,aktivitas halal seru sumatera barat
budaya,Apa saja acara budaya yang terkenal di Sumatera Barat?,3,acara budaya kenal sumatera barat
akomodasi,Apa saja penginapan yang menyediakan fasilitas untuk difabel di Sumatera Barat?,0,inap sedia fasilitas difabel sumatera barat
transportasi,Apa rekomendasi transportasi umum di Sumatera Barat?,7,rekomendasi transportasi sumatera barat
transportasi,Apa cara paling nyaman untuk bepergian di Sumatera Barat?,7,nyaman pergi sumatera barat
paket,Rekomendasi paket liburan keluarga di Sumatera Barat?,5,rekomendasi paket libur keluarga sumatera barat
belanja,Apa saja pusat perbelanjaan yang terkenal di Padang?,2,pusat belanja kenal padang
paket,Rekomendasi paket wisata untuk kelompok di Sumatera Barat?,5,rekomendasi paket wisata kelompok sumatera barat
kuliner,Kuliner halal apa yang harus dicoba di Sumatera Barat?,4,kuliner halal coba sumatera barat
akomodasi,Rekomendasi tempat menginap yang unik di Sumatera Barat?,0,rekomendasi inap unik sumatera barat
kuliner,Kuliner halal di Sumatera Barat yang direkomendasikan?,4,kuliner halal sumatera barat rekomendasi
transportasi,Bagaimana cara menuju Sumatera Barat dengan bus malam?,7,sumatera barat bus malam
transportasi,Apa moda transportasi yang paling populer di kalangan turis di Sumatera Barat?,7,moda transportasi populer kalang turis sumatera barat
aktivitas,Aktivitas halal di Sumatera Barat yang terkenal apa saja?,1,aktivitas halal sumatera barat kenal
paket,Apa paket wisata halal terbaik di Sumatera Barat?,5,paket wisata halal baik sumatera barat
transportasi,Apa pilihan transportasi yang paling andal di Sumatera Barat?,7,pilih transportasi andal sumatera barat
belanja,Apa saja pasar yang terkenal di Sumatera Barat?,2,pasar kenal sumatera barat
transportasi,Apa saja layanan transportasi untuk turis di Sumatera Barat?,7,layan transportasi turis sumatera barat
paket,Mana saja paket wisata halal di Sumatera Barat?,5,paket wisata halal sumatera barat
rekomendasi,Bisa beri saya informasi tentang tempat wisata halal di Sumatera Barat?,6,informasi wisata halal sumatera barat
rekomendasi,Adakah atraksi wisata halal di Sumatera Barat?,6,ada atraksi wisata halal sumatera barat
akomodasi,Dimana saya bisa menemukan homestay yang ramah Muslim di Sumatera Barat?,0,mana temu homestay ramah muslim sumatera barat
transportasi,Apa cara terbaik untuk bertransportasi di Sumatera Barat?,7,baik transportasi sumatera barat
transportasi,Bagaimana cara terbaik untuk transportasi dalam kota di Sumatera Barat?,7,baik transportasi kota sumatera barat
rekomendasi,Tempat wisata halal apa yang harus dikunjungi di Sumatera Barat?,6,wisata halal kunjung sumatera barat
akomodasi,Bisa beri tahu saya informasi tentang homestay yang mempertimbangkan kebutuhan agama Islam di Sumatera Barat?,0,informasi homestay timbang butuh agama islam sumatera barat
rekomendasi,Tempat wisata halal apa yang menarik untuk dikunjungi di Sumatera Barat?,6,wisata halal tarik kunjung sumatera barat
akomodasi,Bagaimana cara mencari homestay yang mengakui kebutuhan Muslim di Sumatera Barat?,0,cari homestay aku butuh muslim sumatera barat
aktivitas,Saran untuk aktivitas halal di Sumatera Barat?,1,saran aktivitas halal sumatera barat
transportasi,Apa opsi transportasi yang paling nyaman di Sumatera Barat?,7,opsi transportasi nyaman sumatera barat
paket,Apa saja paket wisata halal di Sumatera Barat yang harus dicoba?,5,paket wisata halal sumatera barat coba
akomodasi,Di mana saya bisa mencari homestay yang sesuai dengan prinsip-prinsip Muslim di Sumatera Barat?,0,cari homestay sesuai prinsip prinsip muslim sumatera barat
aktivitas,Aktivitas halal apa yang populer di Sumatera Barat?,1,aktivitas halal populer sumatera barat
paket,Apa saja paket wisata keluarga besar di Sumatera Barat?,5,paket wisata keluarga sumatera barat
belanja,Apa toko kerajinan yang terkenal di Sumatera Barat?,2,toko rajin kenal sumatera barat
rekomendasi,Destinasi wisata halal apa yang terkenal di Sumatera Barat?,6,destinasi wisata halal kenal sumatera barat
paket,Rekomendasi paket wisata halal untuk keluarga di Sumatera Barat?,5,rekomendasi paket wisata halal keluarga sumatera barat
belanja,Apa saja pusat perbelanjaan yang wajib dikunjungi di Sumatera Barat?,2,pusat belanja wajib kunjung sumatera barat
paket,Dimana saya bisa memesan paket wisata eco-tourism di Sumatera Barat?,5,mana mes paket wisata eco tourism sumatera barat
belanja,Dimana saya bisa membeli barang antik di Sumatera Barat?,2,mana beli barang antik sumatera barat
paket,Apa saja pilihan paket wisata halal di Sumatera Barat?,5,pilih paket wisata halal sumatera barat
aktivitas,Ada saran aktivitas halal di Sumatera Barat?,1,saran aktivitas halal sumatera barat
paket,Apa saja paket wisata dengan guide di Sumatera Barat?,5,paket wisata guide sumatera barat
kuliner,Dimana tempat makan 24 jam di Sumatera Barat?,4,mana makan 24 jam sumatera barat
belanja,Dimana saya bisa membeli kerajinan tangan di Padang?,2,mana beli rajin tangan padang
budaya,Apa yang membuat seni dan kerajinan tradisional Sumatera Barat begitu istimewa?,3,seni rajin tradisional sumatera barat istimewa
rekomendasi,Mana saja tempat wisata halal yang bagus di Sumatera Barat?,6,wisata halal bagus sumatera barat
aktivitas,Kegiatan halal apa yang bisa dilakukan di Sumatera Barat?,1,giat halal sumatera barat
akomodasi,Dimana saya bisa menemukan guesthouse yang mengakomodasi kebutuhan Muslim di Sumatera Barat?,0,mana temu guesthouse akomodasi butuh muslim sumatera barat
akomodasi,Rekomendasi penginapan dengan layanan antar-jemput di Sumatera Barat?,0,rekomendasi inap layan jemput sumatera barat
transportasi,Apa pilihan transportasi yang paling populer di Sumatera Barat?,7,pilih transportasi populer sumatera barat
rekomendasi,Apa saja tempat wisata halal di Sumatera Barat yang direkomendasikan?,6,wisata halal sumatera barat rekomendasi
aktivitas,Saran kegiatan halal di Sumatera Barat?,1,saran giat halal sumatera barat
paket,Ada rekomendasi paket wisata halal di Sumatera Barat?,5,rekomendasi paket wisata halal sumatera barat
paket,Dimana saya bisa menemukan paket wisata snorkeling di Sumatera Barat?,5,mana temu paket wisata snorkeling sumatera barat
kuliner,Rekomendasi tempat makan vegetarian di Sumatera Barat?,4,rekomendasi makan vegetarian sumatera barat
belanja,Apa pusat perbelanjaan terbesar di Solok?,2,pusat belanja besar solok
aktivitas,Ada rekomendasi kegiatan halal di Sumatera Barat?,1,rekomendasi giat halal sumatera barat
rekomendasi,Bisakah Anda memberikan rekomendasi wisata halal di Sumatera Barat?,6,rekomendasi wisata halal sumatera barat
aktivitas,Ada rekomendasi kegiatan halal di Sumatera Barat?,1,rekomendasi giat halal sumatera barat
paket,Apa saja paket wisata belanja di Sumatera Barat?,5,paket wisata belanja sumatera barat
kuliner,Rekomendasi restoran halal di Sumatera Barat untuk keluarga?,4,rekomendasi restoran halal sumatera barat keluarga
paket,Paket wisata halal apa yang harus dicoba di Sumatera Barat?,5,paket wisata halal coba sumatera barat
akomodasi,Dimana tempat-tempat homestay yang memfasilitasi kebutuhan Muslim di Sumatera Barat?,0,mana homestay fasilitas butuh muslim sumatera barat
belanja,Apa pasar tradisional yang terkenal di Sumatera Barat?,2,pasar tradisional kenal sumatera barat
kuliner,Apa makanan penutup khas Sumatera Barat?,4,makan tutup khas sumatera barat
rekomendasi,Tempat wisata halal yang menarik di Sumatera Barat apa saja?,6,wisata halal tarik sumatera barat
paket,Apa paket wisata halal terbaik di Sumatera Barat?,5,paket wisata halal baik sumatera barat
paket,Apa saja paket wisata halal di Sumatera Barat yang direkomendasikan?,5,paket wisata halal sumatera barat rekomendasi
rekomendasi,Ada rekomendasi tempat wisata halal di Sumatera Barat?,6,rekomendasi wisata halal sumatera barat
kuliner,Apa saja makanan yang wajib dicoba di Sumatera Barat?,4,makan wajib coba sumatera barat
kuliner,Rekomendasi tempat makan dengan suasana tradisional di Sumatera Barat?,4,rekomendasi makan suasana tradisional sumatera barat
rekomendasi,Apa saja pilihan tempat wisata halal di Sumatera Barat?,6,pilih wisata halal sumatera barat
belanja,Dimana saya bisa membeli makanan ringan khas Padang?,2,mana beli makan ringan khas padang
aktivitas,Rekomendasi aktivitas halal di Sumatera Barat?,1,rekomendasi aktivitas halal sumatera barat
akomodasi,Rekomendasi penginapan eco-friendly di Sumatera Barat?,0,rekomendasi inap eco friendly sumatera barat
kuliner,Ada rekomendasi restoran halal yang bagus di Sumatera Barat?,4,rekomendasi restoran halal bagus sumatera barat
budaya,Apa yang membuat Sumatera Barat terkenal akan keanekaragaman budayanya?,3,sumatera barat kenal keanekaragaman budaya
paket,Paket wisata halal apa yang menarik di Sumatera Barat?,5,paket wisata halal tarik sumatera barat
belanja,Apa pusat perbelanjaan yang terkenal di Solok?,2,pusat belanja kenal solok
belanja,Apa pasar tradisional yang terkenal di Pariaman?,2,pasar tradisional kenal pariaman
belanja,Dimana saya bisa menemukan pasar malam di Sumatera Barat?,2,mana temu pasar malam sumatera barat
paket,Paket wisata halal apa yang terkenal di Sumatera Barat?,5,paket wisata halal kenal sumatera barat
aktivitas,Rekomendasi aktivitas halal di Sumatera Barat untuk keluarga?,1,rekomendasi aktivitas halal sumatera barat keluarga
paket,Apa saja paket wisata halal favorit di Sumatera Barat?,5,paket wisata halal favorit sumatera barat
aktivitas,Apa aktivitas halal favorit di Sumatera Barat?,1,aktivitas halal favorit sumatera barat
budaya,Apa saja kegiatan budaya yang bisa diikuti di Sumatera Barat?,3,giat budaya ikut sumatera barat
belanja,Dimana saya bisa membeli souvenir khas Pariaman?,2,mana beli souvenir khas pariaman
budaya,Dimana saya bisa belajar tentang pakaian adat Sumatera Barat?,3,mana ajar pakai adat sumatera barat
umum,Apa makna dari wisata halal?,8,makna wisata halal
rekomendasi,Apa destinasi wisata halal terpopuler di Sumatera Barat?,6,destinasi wisata halal populer sumatera barat
paket,Dimana saya bisa menemukan paket wisata dengan aktivitas outdoor di Sumatera Barat?,5,mana temu paket wisata aktivitas outdoor sumatera barat
transportasi,Bagaimana cara terbaik menuju bandara di Sumatera Barat?,7,baik bandara sumatera barat
budaya,Bagaimana peran adat istiadat dalam kehidupan sehari-hari masyarakat Sumatera Barat?,3,peran adat istiadat hidup hari masyarakat sumatera barat
umum,Apa makna dari wisata halal?,8,makna wisata halal
budaya,Bagaimana masyarakat Sumatera Barat merayakan peristiwa penting dalam kehidupan mereka?,3,masyarakat sumatera barat raya peristiwa hidup
transportasi,Apa saja layanan transportasi antar kota di Sumatera Barat?,7,layan transportasi kota sumatera barat
paket,Rekomendasi paket wisata kuliner di Sumatera Barat?,5,rekomendasi paket wisata kuliner sumatera barat
belanja,Apa pusat perbelanjaan yang terkenal di Bukittinggi?,2,pusat belanja kenal bukittinggi
aktivitas,Bisakah Anda menyarankan aktivitas halal di Sumatera Barat?,1,saran aktivitas halal sumatera barat
belanja,Dimana saya bisa membeli kerajinan tangan di Pariaman?,2,mana beli rajin tangan pariaman
aktivitas,Bisakah Anda memberikan rekomendasi aktivitas halal di Sumatera Barat?,1,rekomendasi aktivitas halal sumatera barat
umum,Apa yang dimaksud dengan pariwisata syariah?,8,pariwisata syariah
budaya,Rekomendasi tempat untuk melihat seni ukir khas Sumatera Barat?,3,rekomendasi seni ukir khas sumatera barat
rekomendasi,Apa saja tempat wisata halal di Sumatera Barat yang bagus?,6,wisata halal sumatera barat bagus
budaya,Apa saja aktivitas budaya yang bisa diikuti wisatawan di Sumatera Barat?,3,aktivitas budaya ikut wisatawan sumatera barat
paket,Rekomendasi paket wisata yang seru di Sumatera Barat?,5,rekomendasi paket wisata seru sumatera barat
akomodasi,Rekomendasi penginapan dekat pantai di Sumatera Barat?,0,rekomendasi inap pantai sumatera barat
budaya,Dimana saya bisa belajar tentang adat Minangkabau di Sumatera Barat?,3,mana ajar adat minangkabau sumatera barat
aktivitas,Apa saja tempat wisata dengan aktivitas halal di Sumatera Barat?,1,wisata aktivitas halal sumatera barat
rekomendasi,Tempat apa yang menarik untuk dikunjungi bagi wisatawan muslim di Sumatera Barat?,6,tarik kunjung wisatawan muslim sumatera barat
kuliner,Rekomendasi tempat makan dengan menu seafood di Sumatera Barat?,4,rekomendasi makan menu seafood sumatera barat
kuliner,Apa saja makanan khas Sumatera Barat yang cocok untuk anak-anak?,4,makan khas sumatera barat cocok anak anak
aktivitas,Kegiatan halal yang menarik di Sumatera Barat apa saja?,1,giat halal tarik sumatera barat
rekomendasi,Rekomendasi tempat wisata halal di Sumatera Barat untuk keluarga?,6,rekomendasi wisata halal sumatera barat keluarga
umum,Wisata halal itu apa?,8,wisata halal
paket,Apa paket wisata halal terpopuler di Sumatera Barat?,5,paket wisata halal populer sumatera barat
belanja,Dimana saya bisa menemukan toko oleh-oleh di Bukittinggi?,2,mana temu toko bukittinggi
paket,Paket wisata halal yang bagus di Sumatera Barat apa saja?,5,paket wisata halal bagus sumatera barat
aktivitas,Apa aktivitas halal terbaik di Sumatera Barat?,1,aktivitas halal baik sumatera barat
budaya,Bagaimana hubungan antara budaya Sumatera Barat dengan lingkungan sekitarnya?,3,hubung budaya sumatera barat lingkung
aktivitas,Aktivitas halal di Sumatera Barat yang direkomendasikan?,1,aktivitas halal sumatera barat rekomendasi
paket,Dimana saya bisa memesan paket wisata di desa wisata di Sumatera Barat?,5,mana mes paket wisata desa wisata sumatera barat
umum,Apa yang dimaksud dengan kegiatan wisata halal?,8,giat wisata halal
aktivitas,Apa aktivitas halal terbaik di Sumatera Barat?,1,aktivitas halal baik sumatera barat
budaya,Dimana saya bisa menemukan galeri seni di Sumatera Barat?,3,mana temu galeri seni sumatera barat
akomodasi,Dimana saya bisa menemukan homestay yang mempertimbangkan kebutuhan Muslim di Sumatera Barat?,0,mana temu homestay timbang butuh muslim sumatera barat
budaya,Bagaimana cara masyarakat Sumatera Barat merayakan peristiwa adat?,3,masyarakat sumatera barat raya peristiwa adat
umum,Apa itu halal tourism?,8,halal tourism
umum,Apa pengertian dari pariwisata halal?,8,erti pariwisata halal
rekomendasi,Apa saja tempat wisata halal yang direkomendasikan di Sumatera Barat?,6,wisata halal rekomendasi sumatera barat
transportasi,Apa moda transportasi terbaik untuk turis di Sumatera Barat?,7,moda transportasi baik turis sumatera barat
umum,Apa yang dimaksud dengan sektor wisata halal?,8,sektor wisata halal
aktivitas,Rekomendasi aktivitas halal yang unik di Sumatera Barat?,1,rekomendasi aktivitas halal unik sumatera barat
rekomendasi,Saran tempat wisata halal di Sumatera Barat?,6,saran wisata halal sumatera barat
akomodasi,Dimana saya bisa menemukan penginapan dengan parkir gratis di Sumatera Barat?,0,mana temu inap parkir gratis sumatera barat
kuliner,Apa saja makanan yang cocok untuk oleh-oleh dari Sumatera Barat?,4,makan cocok sumatera barat
rekomendasi,Apa saja tempat wisata halal yang wajib saya kunjungi di Sumatera Barat?,6,wisata halal wajib kunjung sumatera barat
akomodasi,Bagaimana cara menemukan homestay yang sensitif terhadap kebutuhan Muslim di Sumatera Barat?,0,temu homestay sensitif butuh muslim sumatera barat
paket,Dimana saya bisa menemukan paket wisata adventure di Sumatera Barat?,5,mana temu paket wisata adventure sumatera barat
kuliner,Apa saja makanan khas Sumatera Barat yang berbahan dasar ikan?,4,makan khas sumatera barat bahan dasar ikan
budaya,Apa saja kegiatan budaya yang bisa diikuti oleh wisatawan di Sumatera Barat?,3,giat budaya ikut wisatawan sumatera barat
akomodasi,Dimana saya bisa menemukan penginapan dengan layanan penyewaan sepeda di Sumatera Barat?,0,mana temu inap layan sewa sepeda sumatera barat
transportasi,Apa cara paling efektif untuk berkeliling Sumatera Barat?,7,efektif keliling sumatera barat
umum,Apa yang dimaksud dengan tur halal?,8,tur halal
akomodasi,Dimana saya bisa menemukan penginapan dekat bandara di Sumatera Barat?,0,mana temu inap bandara sumatera barat
paket,Ada rekomendasi paket wisata halal yang menarik di Sumatera Barat?,5,rekomendasi paket wisata halal tarik sumatera barat
transportasi,Bagaimana cara terbaik untuk menjelajahi Sumatera Barat?,7,baik jajah sumatera barat
belanja,Dimana saya bisa menemukan toko oleh-oleh di Padang?,2,mana temu toko padang
budaya,Bagaimana tradisi keagamaan dihormati dalam budaya Sumatera Barat?,3,tradisi agama hormat budaya sumatera barat
umum,Apa itu destinasi wisata halal?,8,destinasi wisata halal
umum,Apa itu destinasi wisata halal?,8,destinasi wisata halal
transportasi,Bagaimana cara menuju objek wisata di Sumatera Barat?,7,objek wisata sumatera barat
umum,Apa yang dimaksud dengan turisme halal?,8,turisme halal
akomodasi,Dimana saya bisa menemukan penginapan dengan fasilitas BBQ di Sumatera Barat?,0,mana temu inap fasilitas bbq sumatera barat
kuliner,Dimana tempat makan ala western di Sumatera Barat?,4,mana makan ala western sumatera barat
transportasi,Rekomendasi tempat penyewaan mobil listrik di Sumatera Barat?,7,rekomendasi sewa mobil listrik sumatera barat
aktivitas,Apa saja aktivitas halal unggulan di Sumatera Barat?,1,aktivitas halal unggul sumatera barat
rekomendasi,Tempat wisata halal yang wajib dikunjungi di Sumatera Barat?,6,wisata halal wajib kunjung sumatera barat
aktivitas,Apa saja atraksi halal di Sumatera Barat?,1,atraksi halal sumatera barat
umum,Bisakah Anda jelaskan apa itu wisata halal?,8,wisata halal
kuliner,Apa saja tempat makan halal di Sumatera Barat yang harus dicoba?,4,makan halal sumatera barat coba
aktivitas,Aktivitas halal apa yang harus dicoba di Sumatera Barat?,1,aktivitas halal coba sumatera barat
aktivitas,Kegiatan halal apa yang terkenal di Sumatera Barat?,1,giat halal kenal sumatera barat
aktivitas,Apa saja pilihan kegiatan halal di Sumatera Barat?,1,pilih giat halal sumatera barat
rekomendasi,Bisa sarankan atraksi wisata halal di Sumatera Barat?,6,saran atraksi wisata halal sumatera barat
aktivitas,Bisakah Anda merekomendasikan kegiatan halal di Sumatera Barat?,1,rekomendasi giat halal sumatera barat
rekomendasi,Bisa beri saya rekomendasi destinasi halal di Sumatera Barat?,6,rekomendasi destinasi halal sumatera barat
aktivitas,Ada kegiatan halal yang menarik di Sumatera Barat?,1,giat halal tarik sumatera barat
akomodasi,Apa saja hotel dengan kolam renang di Sumatera Barat?,0,hotel kolam renang sumatera barat
akomodasi,Apa saja penginapan dengan pemandangan indah di Sumatera Barat?,0,inap pandang indah sumatera barat
belanja,Dimana saya bisa menemukan toko oleh-oleh di Bukittinggi?,2,mana temu toko bukittinggi
rekomendasi,Apa saja tempat wisata halal yang direkomendasikan di Sumatera Barat?,6,wisata halal rekomendasi sumatera barat
rekomendasi,Bisakah Anda merekomendasikan destinasi wisata halal di Sumatera Barat?,6,rekomendasi destinasi wisata halal sumatera barat
transportasi,Apa saja pilihan transportasi dari bandara ke kota di Sumatera Barat?,7,pilih transportasi bandara kota sumatera barat
budaya,Rekomendasi tempat untuk melihat rumah gadang di Sumatera Barat?,3,rekomendasi rumah gadang sumatera barat
aktivitas,Apa saja aktivitas halal di Sumatera Barat?,1,aktivitas halal sumatera barat
akomodasi,Apakah Anda tahu cara menemukan homestay yang mengakomodasi kebutuhan Muslim di Sumatera Barat?,0,temu homestay akomodasi butuh muslim sumatera barat
aktivitas,Aktivitas halal apa yang menarik di Sumatera Barat?,1,aktivitas halal tarik sumatera barat
akomodasi,Apa saja penginapan dengan pemandangan gunung di Sumatera Barat?,0,inap pandang gunung sumatera barat
aktivitas,Saran aktivitas halal di Sumatera Barat?,1,saran aktivitas halal sumatera barat
transportasi,Apa saran transportasi terbaik untuk menjelajahi Sumatera Barat?,7,saran transportasi baik jajah sumatera barat
budaya,Dimana saya bisa belajar tentang sejarah Sumatera Barat?,3,mana ajar sejarah sumatera barat
kuliner,Apa saja makanan khas Sumatera Barat yang tidak pedas?,4,makan khas sumatera barat pedas
umum,Apa definisi dari wisata halal?,8,definisi wisata halal
belanja,Apa toko oleh-oleh yang terkenal di Solok?,2,toko kenal solok
budaya,Dimana saya bisa belajar memasak masakan tradisional Sumatera Barat?,3,mana ajar masak masakan tradisional sumatera barat
umum,Apa yang dimaksud dengan wisata halal dalam konteks pariwisata?,8,wisata halal konteks pariwisata
rekomendasi,Rekomendasi tempat wisata halal di Sumatera Barat?,6,rekomendasi wisata halal sumatera barat
umum,Apa yang dimaksud dengan konsep perjalanan halal?,8,konsep jalan halal
aktivitas,Aktivitas halal di Sumatera Barat yang direkomendasikan?,1,aktivitas halal sumatera barat rekomendasi
budaya,Bagaimana perayaan adat di Sumatera Barat dipersiapkan?,3,raya adat sumatera barat siap
akomodasi,Apakah ada informasi tentang homestay yang cocok dengan praktik Islam di Sumatera Barat?,0,informasi homestay cocok praktik islam sumatera barat
akomodasi,Dimana saya bisa menemukan guesthouse yang mengakomodasi kebutuhan Muslim di Sumatera Barat?,0,mana temu guesthouse akomodasi butuh muslim sumatera barat
kuliner,Apa saja restoran dengan masakan Padang terbaik?,4,restoran masakan padang baik
umum,Bisakah Anda menguraikan apa itu wisata halal?,8,urai wisata halal
kuliner,Tempat makan halal apa yang enak di Sumatera Barat?,4,makan halal enak sumatera barat
budaya,Apa saja kegiatan budaya untuk anak-anak di Sumatera Barat?,3,giat budaya anak anak sumatera barat
kuliner,Apa saja tempat makan halal favorit di Sumatera Barat?,4,makan halal favorit sumatera barat
aktivitas,Ada kegiatan halal yang menarik di Sumatera Barat?,1,giat halal tarik sumatera barat
rekomendasi,Rekomendasi tempat wisata halal untuk keluarga di Sumatera Barat?,6,rekomendasi wisata halal keluarga sumatera barat
umum,Apa yang dimaksud dengan destinasi wisata halal?,8,destinasi wisata halal
kuliner,Kuliner halal di Sumatera Barat yang terkenal apa saja?,4,kuliner halal sumatera barat kenal
paket,Apa saja paket wisata halal yang tersedia di Sumatera Barat?,5,paket wisata halal sedia sumatera barat
kuliner,Apa saja makanan khas Sumatera Barat yang menggunakan santan?,4,makan khas sumatera barat santan
rekomendasi,Tempat wisata halal apa yang menarik di Sumatera Barat?,6,wisata halal tarik sumatera barat
transportasi,Rekomendasi layanan antar jemput bandara di Sumatera Barat?,7,rekomendasi layan jemput bandara sumatera barat
belanja,Dimana saya bisa membeli oleh-oleh khas Minangkabau?,2,mana beli khas minangkabau
belanja,Dimana saya bisa membeli kerajinan tangan di Sumatera Barat?,2,mana beli rajin tangan sumatera barat
paket,Paket wisata halal apa yang menarik untuk dicoba di Sumatera Barat?,5,paket wisata halal tarik coba sumatera barat
belanja,Dimana saya bisa menemukan pusat oleh-oleh di Pariaman?,2,mana temu pusat pariaman
akomodasi,Rekomendasi penginapan dengan layanan shuttle di Sumatera Barat?,0,rekomendasi inap layan shuttle sumatera barat
belanja,Dimana saya bisa membeli oleh-oleh halal di Pariaman?,2,mana beli halal pariaman
budaya,Bagaimana budaya dan adat istiadat mempengaruhi kehidupan sehari-hari penduduk Sumatera Barat?,3,budaya adat istiadat pengaruh hidup hari duduk sumatera barat
belanja,Apa toko oleh-oleh yang terkenal di Pariaman?,2,toko kenal pariaman
rekomendasi,Tempat wisata halal mana yang direkomendasikan di Sumatera Barat?,6,wisata halal rekomendasi sumatera barat
budaya,Apa saja museum budaya yang ada di Sumatera Barat?,3,museum budaya sumatera barat
budaya,Apa saja tempat untuk belajar bahasa Minangkabau di Sumatera Barat?,3,ajar bahasa minangkabau sumatera barat
paket,Dimana saya bisa menemukan paket wisata ramah lingkungan di Sumatera Barat?,5,mana temu paket wisata ramah lingkung sumatera barat
transportasi,Bagaimana cara menuju Sumatera Barat dari Medan?,7,sumatera barat medan
aktivitas,Apa saja kegiatan halal di Sumatera Barat?,1,giat halal sumatera barat
paket,Rekomendasi paket wisata halal tour di Sumatera Barat?,5,rekomendasi paket wisata halal tour sumatera barat
akomodasi,Rekomendasi penginapan dengan fasilitas spa di Sumatera Barat?,0,rekomendasi inap fasilitas spa sumatera barat
paket,Rekomendasi paket wisata untuk turis asing di Sumatera Barat?,5,rekomendasi paket wisata turis asing sumatera barat
budaya,Bagaimana nilai-nilai kearifan lokal tercermin dalam budaya dan adat istiadat Sumatera Barat?,3,nilai nilai arif lokal cermin budaya adat istiadat sumatera barat
umum,Bisakah Anda menjelaskan konsep wisata halal?,8,konsep wisata halal
akomodasi,Hotel dengan restoran terbaik di Sumatera Barat?,0,hotel restoran baik sumatera barat
budaya,Apa saja seni pertunjukan yang terkenal di Sumatera Barat?,3,seni tunjuk kenal sumatera barat
belanja,Dimana saya bisa menemukan toko oleh-oleh di Bukittinggi?,2,mana temu toko bukittinggi
aktivitas,Ada rekomendasi kegiatan halal yang menarik di Sumatera Barat?,1,rekomendasi giat halal tarik sumatera barat
rekomendasi,Tempat wisata halal apa yang populer di Sumatera Barat?,6,wisata halal populer sumatera barat
umum,Apa yang disebut sebagai wisata halal?,8,wisata halal
kuliner,Apa saja restoran halal unggulan di Sumatera Barat?,4,restoran halal unggul sumatera barat
akomodasi,Hotel dengan fasilitas lengkap di Sumatera Barat?,0,hotel fasilitas lengkap sumatera barat
transportasi,Rekomendasi tempat penyewaan sepeda motor di Sumatera Barat?,7,rekomendasi sewa sepeda motor sumatera barat
rekomendasi,Wisata halal yang terkenal di Sumatera Barat apa saja?,6,wisata halal kenal sumatera barat
transportasi,Apa saja layanan transportasi untuk wisatawan di Sumatera Barat?,7,layan transportasi wisatawan sumatera barat
kuliner,Apa saja makanan khas Sumatera Barat yang bisa dibawa pulang?,4,makan khas sumatera barat bawa pulang
belanja,Apa pusat perbelanjaan yang terkenal di Padang?,2,pusat belanja kenal padang
akomodasi,Tolong sarankan saya cara menemukan homestay yang ramah Muslim di Sumatera Barat.,0,tolong saran temu homestay ramah muslim sumatera barat
akomodasi,Apa saja penginapan yang dekat dengan pusat perbelanjaan di Sumatera Barat?,0,inap pusat belanja sumatera barat
kuliner,Restoran halal mana yang direkomendasikan di Sumatera Barat?,4,restoran halal rekomendasi sumatera barat
aktivitas,Kegiatan halal apa yang terkenal di Sumatera Barat?,1,giat halal kenal sumatera barat
kuliner,Kuliner halal apa yang wajib dicoba di Sumatera Barat?,4,kuliner halal wajib coba sumatera barat
paket,Apa saja paket wisata keluarga di Sumatera Barat?,5,paket wisata keluarga sumatera barat
transportasi,Apa transportasi terbaik untuk berwisata di Sumatera Barat?,7,transportasi baik wisata sumatera barat
paket,Rekomendasi paket wisata sejarah di Sumatera Barat?,5,rekomendasi paket wisata sejarah sumatera barat
belanja,Apa pusat perbelanjaan terbesar di Bukittinggi?,2,pusat belanja besar bukittinggi
umum,Apa yang dimaksud dengan destinasi wisata halal?,8,destinasi wisata halal
kuliner,Apa saja makanan pedas khas Sumatera Barat?,4,makan pedas khas sumatera barat
umum,Apa yang termasuk dalam definisi wisata halal?,8,definisi wisata halal
akomodasi,Apa saja penginapan backpacker di Sumatera Barat?,0,inap backpacker sumatera barat
kuliner,Saran tempat makan halal di Sumatera Barat?,4,saran makan halal sumatera barat
rekomendasi,Ada rekomendasi tempat wisata halal di Sumatera Barat?,6,rekomendasi wisata halal sumatera barat
akomodasi,Rekomendasi penginapan untuk bulan madu di Sumatera Barat?,0,rekomendasi inap madu sumatera barat
transportasi,Apa kendaraan umum yang paling andal di Sumatera Barat?,7,kendara andal sumatera barat
paket,Ada rekomendasi paket wisata halal di Sumatera Barat?,5,rekomendasi paket wisata halal sumatera barat
umum,Apa sebenarnya wisata halal itu?,8,wisata halal
aktivitas,Apa saja aktivitas halal yang bisa dilakukan di Sumatera Barat?,1,aktivitas halal sumatera barat
umum,Apa yang disebut sebagai wisata halal?,8,wisata halal
transportasi,Apa pilihan kendaraan yang paling direkomendasikan di Sumatera Barat?,7,pilih kendara rekomendasi sumatera barat
rekomendasi,Dimana tempat wisata halal yang bagus di Sumatera Barat?,6,mana wisata halal bagus sumatera barat
belanja,Dimana saya bisa membeli oleh-oleh halal di Bukittinggi?,2,mana beli halal bukittinggi
akomodasi,Tolong beri tahu saya cara menemukan homestay yang sesuai dengan kepercayaan Muslim di Sumatera Barat.,0,tolong temu homestay sesuai percaya muslim sumatera barat
transportasi,Bagaimana cara terbaik untuk berkeliling Sumatera Barat?,7,baik keliling sumatera barat
